Sentence: 1,Super,NNP,
 ,Bowl,NNP,
 ,50,CD,
 ,was,VBD,
 ,an,DT,
 ,American,JJ,
 ,football,NN,
 ,game,NN,
 ,to,TO,
 ,determine,VB,
 ,the,DT,
 ,champion,NN,
 ,of,IN,
 ,the,DT,
 ,National,NNP,
 ,Football,NNP,
 ,League,NNP,
 ,(,-LRB-,
 ,NFL,NNP,
 ,),-RRB-,
 ,for,IN,
 ,the,DT,
 ,2015,CD,
 ,season,NN,
 ,.,.,
 ,The,DT,
 ,American,NNP,
 ,Football,NNP,
 ,Conference,NNP,
 ,(,-LRB-,
 ,AFC,NNP,
 ,),-RRB-,
 ,champion,NN,
 ,Denver,NNP,
 ,Broncos,NNP,
 ,defeated,VBD,
 ,the,DT,
 ,National,NNP,
 ,Football,NNP,
 ,Conference,NNP,
 ,(,-LRB-,
 ,NFC,NNP,
 ,),-RRB-,
 ,champion,NN,
 ,Carolina,NNP,
 ,Panthers,NNP,
 ,24–10,CD,
 ,to,TO,
 ,earn,VB,
 ,their,PRP$,
 ,third,JJ,
 ,Super,NNP,
 ,Bowl,NNP,
 ,title,NN,
 ,.,.,
 ,The,DT,
 ,game,NN,
 ,was,VBD,
 ,played,VBN,
 ,on,IN,
 ,February,NNP,
 ,7,CD,
 ,",",",",
 ,2016,CD,
 ,",",",",
 ,at,IN,
 ,Levi,NNP,
 ,'s,POS,
 ,Stadium,NNP,
 ,in,IN,
 ,the,DT,
 ,San,NNP,
 ,Francisco,NNP,
 ,Bay,NNP,
 ,Area,NNP,
 ,at,IN,
 ,Santa,NNP,
 ,Clara,NNP,
 ,",",",",
 ,California,NNP,
 ,.,.,
 ,As,IN,
 ,this,DT,
 ,was,VBD,
 ,the,DT,
 ,50th,JJ,
 ,Super,NNP,
 ,Bowl,NNP,
 ,",",",",
 ,the,DT,
 ,league,NN,
 ,emphasized,VBD,
 ,the,DT,
 ,"""",``,
 ,golden,JJ,
 ,anniversary,NN,
 ,"""",'',
 ,with,IN,
 ,various,JJ,
 ,gold,NN,
 ,-,HYPH,
 ,themed,JJ,
 ,initiatives,NNS,
 ,",",",",
 ,as,RB,
 ,well,RB,
 ,as,IN,
 ,temporarily,RB,
 ,suspending,VBG,
 ,the,DT,
 ,tradition,NN,
 ,of,IN,
 ,naming,VBG,
 ,each,DT,
 ,Super,NNP,
 ,Bowl,NNP,
 ,game,NN,
 ,with,IN,
 ,Roman,JJ,
 ,numerals,NNS,
 ,(,-LRB-,
 ,under,IN,
 ,which,WDT,
 ,the,DT,
 ,game,NN,
 ,would,MD,
 ,have,VB,
 ,been,VBN,
 ,known,VBN,
 ,as,IN,
 ,"""",``,
 ,Super,NNP,
 ,Bowl,NNP,
 ,L,NNP,
 ,"""",'',
 ,),-RRB-,
 ,",",",",
 ,so,IN,
 ,that,IN,
 ,the,DT,
 ,logo,NN,
 ,could,MD,
 ,prominently,RB,
 ,feature,VB,
 ,the,DT,
 ,Arabic,JJ,
 ,numerals,NNS,
 ,50,CD,
 ,.,.,
Sentence: 2,The,DT,
 ,Panthers,NNPS,
 ,finished,VBD,
 ,the,DT,
 ,regular,JJ,
 ,season,NN,
 ,with,IN,
 ,a,DT,
 ,15–1,JJ,
 ,record,NN,
 ,",",",",
 ,and,CC,
 ,quarterback,NN,
 ,Cam,NNP,
 ,Newton,NNP,
 ,was,VBD,
 ,named,VBN,
 ,the,DT,
 ,NFL,NNP,
 ,Most,NNP,
 ,Valuable,NNP,
 ,Player,NNP,
 ,(,-LRB-,
 ,MVP,NNP,
 ,),-RRB-,
 ,.,.,
 ,They,PRP,
 ,defeated,VBD,
 ,the,DT,
 ,Arizona,NNP,
 ,Cardinals,NNPS,
 ,49–15,CD,
 ,in,IN,
 ,the,DT,
 ,NFC,NNP,
 ,Championship,NNP,
 ,Game,NNP,
 ,and,CC,
 ,advanced,VBD,
 ,to,IN,
 ,their,PRP$,
 ,second,JJ,
 ,Super,NNP,
 ,Bowl,NNP,
 ,appearance,NN,
 ,since,IN,
 ,the,DT,
 ,franchise,NN,
 ,was,VBD,
 ,founded,VBN,
 ,in,IN,
 ,1995,CD,
 ,.,.,
 ,The,DT,
 ,Broncos,NNPS,
 ,finished,VBD,
 ,the,DT,
 ,regular,JJ,
 ,season,NN,
 ,with,IN,
 ,a,DT,
 ,12–4,JJ,
 ,record,NN,
 ,",",",",
 ,and,CC,
 ,denied,VBD,
 ,the,DT,
 ,New,NNP,
 ,England,NNP,
 ,Patriots,NNPS,
 ,a,DT,
 ,chance,NN,
 ,to,TO,
 ,defend,VB,
 ,their,PRP$,
 ,title,NN,
 ,from,IN,
 ,Super,NNP,
 ,Bowl,NNP,
 ,XLIX,NN,
 ,by,IN,
 ,defeating,VBG,
 ,them,PRP,
 ,20–18,NN,
 ,in,IN,
 ,the,DT,
 ,AFC,NNP,
 ,Championship,NNP,
 ,Game,NNP,
 ,.,.,
 ,They,PRP,
 ,joined,VBD,
 ,the,DT,
 ,Patriots,NNPS,
 ,",",",",
 ,Dallas,NNP,
 ,Cowboys,NNPS,
 ,",",",",
 ,and,CC,
 ,Pittsburgh,NNP,
 ,Steelers,NNP,
 ,as,IN,
 ,one,CD,
 ,of,IN,
 ,four,CD,
 ,teams,NNS,
 ,that,WDT,
 ,have,VBP,
 ,made,VBN,
 ,eight,CD,
 ,appearances,NNS,
 ,in,IN,
 ,the,DT,
 ,Super,NNP,
 ,Bowl,NNP,
 ,.,.,
Sentence: 3,The,DT,
 ,Broncos,NNPS,
 ,took,VBD,
 ,an,DT,
 ,early,JJ,
 ,lead,NN,
 ,in,IN,
 ,Super,NNP,
 ,Bowl,NNP,
 ,50,CD,
 ,and,CC,
 ,never,RB,
 ,trailed,VBD,
 ,.,.,
 ,Newton,NNP,
 ,was,VBD,
 ,limited,VBN,
 ,by,IN,
 ,Denver,NNP,
 ,'s,POS,
 ,defense,NN,
 ,",",",",
 ,which,WDT,
 ,sacked,VBD,
 ,him,PRP,
 ,seven,CD,
 ,times,NNS,
 ,and,CC,
 ,forced,VBD,
 ,him,PRP,
 ,into,IN,
 ,three,CD,
 ,turnovers,NNS,
 ,",",",",
 ,including,VBG,
 ,a,DT,
 ,fumble,JJ,
 ,which,WDT,
 ,they,PRP,
 ,recovered,VBD,
 ,for,IN,
 ,a,DT,
 ,touchdown,NN,
 ,.,.,
 ,Denver,NNP,
 ,linebacker,NN,
 ,Von,NNP,
 ,Miller,NNP,
 ,was,VBD,
 ,named,VBN,
 ,Super,NNP,
 ,Bowl,NNP,
 ,MVP,NNP,
 ,",",",",
 ,recording,VBG,
 ,five,CD,
 ,solo,NN,
 ,tackles,NNS,
 ,",",",",
 ,2½,JJ,
 ,sacks,NNS,
 ,",",",",
 ,and,CC,
 ,two,CD,
 ,forced,VBN,
 ,fumbles,NNS,
 ,.,.,
Sentence: 4,CBS,NNP,
 ,broadcast,VBD,
 ,Super,NNP,
 ,Bowl,NNP,
 ,50,CD,
 ,in,IN,
 ,the,DT,
 ,U.S.,NNP,
 ,",",",",
 ,and,CC,
 ,charged,VBD,
 ,an,DT,
 ,average,NN,
 ,of,IN,
 ,$,$,
 ,5,CD,
 ,million,CD,
 ,for,IN,
 ,a,DT,
 ,30-second,CD,
 ,commercial,NN,
 ,during,IN,
 ,the,DT,
 ,game,NN,
 ,.,.,
 ,The,DT,
 ,Super,NNP,
 ,Bowl,NNP,
 ,50,CD,
 ,halftime,NN,
 ,show,NN,
 ,was,VBD,
 ,headlined,VBN,
 ,by,IN,
 ,the,DT,
 ,British,JJ,
 ,rock,NN,
 ,group,NN,
 ,Coldplay,NNP,
 ,with,IN,
 ,special,JJ,
 ,guest,NN,
 ,performers,NNS,
 ,Beyoncé,NNP,
 ,and,CC,
 ,Bruno,NNP,
 ,Mars,NNP,
 ,",",",",
 ,who,WP,
 ,headlined,VBD,
 ,the,DT,
 ,Super,NNP,
 ,Bowl,NNP,
 ,XLVII,NNP,
 ,and,CC,
 ,Super,NNP,
 ,Bowl,NNP,
 ,XLVIII,NNP,
 ,halftime,NN,
 ,shows,VBZ,
 ,",",",",
 ,respectively,RB,
 ,.,.,
 ,It,PRP,
 ,was,VBD,
 ,the,DT,
 ,third,RB,
 ,-,HYPH,
 ,most,RBS,
 ,watched,VBN,
 ,U.S.,NNP,
 ,broadcast,NN,
 ,ever,RB,
 ,.,.,
Sentence: 5,In,IN,
 ,early,JJ,
 ,2012,CD,
 ,",",",",
 ,NFL,NNP,
 ,Commissioner,NNP,
 ,Roger,NNP,
 ,Goodell,NNP,
 ,stated,VBD,
 ,that,IN,
 ,the,DT,
 ,league,NN,
 ,planned,VBD,
 ,to,TO,
 ,make,VB,
 ,the,DT,
 ,50th,JJ,
 ,Super,NNP,
 ,Bowl,NNP,
 ,"""",``,
 ,spectacular,JJ,
 ,"""",'',
 ,and,CC,
 ,that,IN,
 ,it,PRP,
 ,would,MD,
 ,be,VB,
 ,"""",``,
 ,an,DT,
 ,important,JJ,
 ,game,NN,
 ,for,IN,
 ,us,PRP,
 ,as,IN,
 ,a,DT,
 ,league,NN,
 ,"""",'',
 ,.,.,
Sentence: 6,The,DT,
 ,league,NN,
 ,eventually,RB,
 ,narrowed,VBD,
 ,the,DT,
 ,bids,NNS,
 ,to,IN,
 ,three,CD,
 ,sites,NNS,
 ,:,:,
 ,New,NNP,
 ,Orleans,NNP,
 ,',POS,
 ,Mercedes,NNP,
 ,-,HYPH,
 ,Benz,NNP,
 ,Superdome,NNP,
 ,",",",",
 ,Miami,NNP,
 ,'s,POS,
 ,Sun,NNP,
 ,Life,NNP,
 ,Stadium,NNP,
 ,",",",",
 ,and,CC,
 ,the,DT,
 ,San,NNP,
 ,Francisco,NNP,
 ,Bay,NNP,
 ,Area,NNP,
 ,'s,POS,
 ,Levi,NNP,
 ,'s,POS,
 ,Stadium,NNP,
 ,.,.,
Sentence: 7,The,DT,
 ,league,NN,
 ,announced,VBD,
 ,on,IN,
 ,October,NNP,
 ,16,CD,
 ,",",",",
 ,2012,CD,
 ,",",",",
 ,that,IN,
 ,the,DT,
 ,two,CD,
 ,finalists,NNS,
 ,were,VBD,
 ,Sun,NNP,
 ,Life,NNP,
 ,Stadium,NNP,
 ,and,CC,
 ,Levi,NNP,
 ,'s,POS,
 ,Stadium,NNP,
 ,.,.,
 ,The,DT,
 ,South,NNP,
 ,Florida,NNP,
 ,/,SYM,
 ,Miami,NNP,
 ,area,NN,
 ,has,VBZ,
 ,previously,RB,
 ,hosted,VBN,
 ,the,DT,
 ,event,NN,
 ,10,CD,
 ,times,NNS,
 ,(,-LRB-,
 ,tied,VBN,
 ,for,IN,
 ,most,JJS,
 ,with,IN,
 ,New,NNP,
 ,Orleans,NNP,
 ,),-RRB-,
 ,",",",",
 ,with,IN,
 ,the,DT,
 ,most,RBS,
 ,recent,JJ,
 ,one,CD,
 ,being,VBG,
 ,Super,NNP,
 ,Bowl,NNP,
 ,XLIV,NNP,
 ,in,IN,
 ,2010,CD,
 ,.,.,
 ,The,DT,
 ,San,NNP,
 ,Francisco,NNP,
 ,Bay,NNP,
 ,Area,NNP,
 ,last,RB,
 ,hosted,VBD,
 ,in,IN,
 ,1985,CD,
 ,(,-LRB-,
 ,Super,NNP,
 ,Bowl,NNP,
 ,XIX,NNP,
 ,),-RRB-,
 ,",",",",
 ,held,VBN,
 ,at,IN,
 ,Stanford,NNP,
 ,Stadium,NNP,
 ,in,IN,
 ,Stanford,NNP,
 ,",",",",
 ,California,NNP,
 ,",",",",
 ,won,VBN,
 ,by,IN,
 ,the,DT,
 ,home,NN,
 ,team,NN,
 ,49ers,NNS,
 ,.,.,
 ,The,DT,
 ,Miami,NNP,
 ,bid,NN,
 ,depended,VBD,
 ,on,IN,
 ,whether,IN,
 ,the,DT,
 ,stadium,NN,
 ,underwent,VBD,
 ,renovations,NNS,
 ,.,.,
 ,However,RB,
 ,",",",",
 ,on,IN,
 ,May,NNP,
 ,3,CD,
 ,",",",",
 ,2013,CD,
 ,",",",",
 ,the,DT,
 ,Florida,NNP,
 ,legislature,NN,
 ,refused,VBD,
 ,to,TO,
 ,approve,VB,
 ,the,DT,
 ,funding,NN,
 ,plan,NN,
 ,to,TO,
 ,pay,VB,
 ,for,IN,
 ,the,DT,
 ,renovations,NNS,
 ,",",",",
 ,dealing,VBG,
 ,a,DT,
 ,significant,JJ,
 ,blow,NN,
 ,to,IN,
 ,Miami,NNP,
 ,'s,POS,
 ,chances,NNS,
 ,.,.,
Sentence: 8,On,IN,
 ,May,NNP,
 ,21,CD,
 ,",",",",
 ,2013,CD,
 ,",",",",
 ,NFL,NNP,
 ,owners,NNS,
 ,at,IN,
 ,their,PRP$,
 ,spring,NN,
 ,meetings,NNS,
 ,in,IN,
 ,Boston,NNP,
 ,voted,VBD,
 ,and,CC,
 ,awarded,VBD,
 ,the,DT,
 ,game,NN,
 ,to,IN,
 ,Levi,NNP,
 ,'s,POS,
 ,Stadium,NNP,
 ,.,.,
 ,The,DT,
 ,$,$,
 ,1.2,CD,
 ,billion,CD,
 ,stadium,NN,
 ,opened,VBN,
 ,in,IN,
 ,2014,CD,
 ,.,.,
 ,It,PRP,
 ,is,VBZ,
 ,the,DT,
 ,first,JJ,
 ,Super,NNP,
 ,Bowl,NNP,
 ,held,VBN,
 ,in,IN,
 ,the,DT,
 ,San,NNP,
 ,Francisco,NNP,
 ,Bay,NNP,
 ,Area,NNP,
 ,since,IN,
 ,Super,NNP,
 ,Bowl,NNP,
 ,XIX,NNP,
 ,in,IN,
 ,1985,CD,
 ,",",",",
 ,and,CC,
 ,the,DT,
 ,first,JJ,
 ,in,IN,
 ,California,NNP,
 ,since,IN,
 ,Super,NNP,
 ,Bowl,NNP,
 ,XXXVII,NNP,
 ,took,VBD,
 ,place,NN,
 ,in,IN,
 ,San,NNP,
 ,Diego,NNP,
 ,in,IN,
 ,2003,CD,
 ,.,.,
Sentence: 9,For,IN,
 ,the,DT,
 ,third,JJ,
 ,straight,JJ,
 ,season,NN,
 ,",",",",
 ,the,DT,
 ,number,NN,
 ,one,CD,
 ,seeds,VBZ,
 ,from,IN,
 ,both,DT,
 ,conferences,NNS,
 ,met,VBD,
 ,in,IN,
 ,the,DT,
 ,Super,NNP,
 ,Bowl,NNP,
 ,.,.,
 ,The,DT,
 ,Carolina,NNP,
 ,Panthers,NNPS,
 ,became,VBD,
 ,one,CD,
 ,of,IN,
 ,only,RB,
 ,ten,CD,
 ,teams,NNS,
 ,to,TO,
 ,have,VB,
 ,completed,VBN,
 ,a,DT,
 ,regular,JJ,
 ,season,NN,
 ,with,IN,
 ,only,RB,
 ,one,CD,
 ,loss,NN,
 ,",",",",
 ,and,CC,
 ,one,CD,
 ,of,IN,
 ,only,RB,
 ,six,CD,
 ,teams,NNS,
 ,to,TO,
 ,have,VB,
 ,acquired,VBN,
 ,a,DT,
 ,15–1,NN,
 ,record,NN,
 ,",",",",
 ,while,IN,
 ,the,DT,
 ,Denver,NNP,
 ,Broncos,NNP,
 ,became,VBD,
 ,one,CD,
 ,of,IN,
 ,four,CD,
 ,teams,NNS,
 ,to,TO,
 ,have,VB,
 ,made,VBN,
 ,eight,CD,
 ,appearances,NNS,
 ,in,IN,
 ,the,DT,
 ,Super,NNP,
 ,Bowl,NNP,
 ,.,.,
 ,The,DT,
 ,Broncos,NNPS,
 ,made,VBD,
 ,their,PRP$,
 ,second,JJ,
 ,Super,NNP,
 ,Bowl,NNP,
 ,appearance,NN,
 ,in,IN,
 ,three,CD,
 ,years,NNS,
 ,",",",",
 ,having,VBG,
 ,reached,VBN,
 ,Super,NNP,
 ,Bowl,NNP,
 ,XLVIII,NNP,
 ,",",",",
 ,while,IN,
 ,the,DT,
 ,Panthers,NNPS,
 ,made,VBD,
 ,their,PRP$,
 ,second,JJ,
 ,Super,NNP,
 ,Bowl,NNP,
 ,appearance,NN,
 ,in,IN,
 ,franchise,NN,
 ,history,NN,
 ,",",",",
 ,their,PRP$,
 ,other,JJ,
 ,appearance,NN,
 ,being,VBG,
 ,Super,NNP,
 ,Bowl,NNP,
 ,XXXVIII,NN,
 ,.,.,
 ,Coincidentally,RB,
 ,",",",",
 ,both,DT,
 ,teams,NNS,
 ,were,VBD,
 ,coached,VBN,
 ,by,IN,
 ,John,NNP,
 ,Fox,NNP,
 ,in,IN,
 ,their,PRP$,
 ,last,JJ,
 ,Super,NNP,
 ,Bowl,NNP,
 ,appearance,NN,
 ,prior,RB,
 ,to,IN,
 ,Super,NNP,
 ,Bowl,NNP,
 ,50,CD,
 ,.,.,
Sentence: 10,Despite,IN,
 ,waiving,VBG,
 ,longtime,NN,
 ,running,VBG,
 ,back,RB,
 ,DeAngelo,NNP,
 ,Williams,NNP,
 ,and,CC,
 ,losing,VBG,
 ,top,JJ,
 ,wide,JJ,
 ,receiver,NN,
 ,Kelvin,NNP,
 ,Benjamin,NNP,
 ,to,IN,
 ,a,DT,
 ,torn,VBN,
 ,ACL,NNP,
 ,in,IN,
 ,the,DT,
 ,preseason,NN,
 ,",",",",
 ,the,DT,
 ,Carolina,NNP,
 ,Panthers,NNP,
 ,had,VBD,
 ,their,PRP$,
 ,best,JJS,
 ,regular,JJ,
 ,season,NN,
 ,in,IN,
 ,franchise,NN,
 ,history,NN,
 ,",",",",
 ,becoming,VBG,
 ,the,DT,
 ,seventh,JJ,
 ,team,NN,
 ,to,TO,
 ,win,VB,
 ,at,IN,
 ,least,JJS,
 ,15,CD,
 ,regular,JJ,
 ,season,NN,
 ,games,NNS,
 ,since,IN,
 ,the,DT,
 ,league,NN,
 ,expanded,VBD,
 ,to,IN,
 ,a,DT,
 ,16-game,CD,
 ,schedule,NN,
 ,in,IN,
 ,1978,CD,
 ,.,.,
 ,Carolina,NNP,
 ,started,VBD,
 ,the,DT,
 ,season,NN,
 ,14–0,CD,
 ,",",",",
 ,not,RB,
 ,only,RB,
 ,setting,VBG,
 ,franchise,NN,
 ,records,NNS,
 ,for,IN,
 ,the,DT,
 ,best,JJS,
 ,start,NN,
 ,and,CC,
 ,the,DT,
 ,longest,JJS,
 ,single,JJ,
 ,-,HYPH,
 ,season,NN,
 ,winning,VBG,
 ,streak,NN,
 ,",",",",
 ,but,CC,
 ,also,RB,
 ,posting,VBG,
 ,the,DT,
 ,best,JJS,
 ,start,NN,
 ,to,IN,
 ,a,DT,
 ,season,NN,
 ,by,IN,
 ,an,DT,
 ,NFC,NNP,
 ,team,NN,
 ,in,IN,
 ,NFL,NNP,
 ,history,NN,
 ,",",",",
 ,breaking,VBG,
 ,the,DT,
 ,13–0,NN,
 ,record,NN,
 ,previously,RB,
 ,shared,VBN,
 ,with,IN,
 ,the,DT,
 ,2009,CD,
 ,New,NNP,
 ,Orleans,NNP,
 ,Saints,NNP,
 ,and,CC,
 ,the,DT,
 ,2011,CD,
 ,Green,NNP,
 ,Bay,NNP,
 ,Packers,NNP,
 ,.,.,
 ,With,IN,
 ,their,PRP$,
 ,NFC,NNP,
 ,-,HYPH,
 ,best,JJS,
 ,15–1,JJ,
 ,regular,JJ,
 ,season,NN,
 ,record,NN,
 ,",",",",
 ,the,DT,
 ,Panthers,NNP,
 ,clinched,VBD,
 ,home,NN,
 ,-,HYPH,
 ,field,NN,
 ,advantage,NN,
 ,throughout,IN,
 ,the,DT,
 ,NFC,NNP,
 ,playoffs,NNS,
 ,for,IN,
 ,the,DT,
 ,first,JJ,
 ,time,NN,
 ,in,IN,
 ,franchise,NN,
 ,history,NN,
 ,.,.,
 ,Ten,CD,
 ,players,NNS,
 ,were,VBD,
 ,selected,VBN,
 ,to,IN,
 ,the,DT,
 ,Pro,NNP,
 ,Bowl,NNP,
 ,(,-LRB-,
 ,the,DT,
 ,most,RBS,
 ,in,IN,
 ,franchise,NN,
 ,history,NN,
 ,),-RRB-,
 ,along,IN,
 ,with,IN,
 ,eight,CD,
 ,All,RB,
 ,-,HYPH,
 ,Pro,JJ,
 ,selections,NNS,
 ,.,.,
Sentence: 11,The,DT,
 ,Panthers,NNP,
 ,offense,NN,
 ,",",",",
 ,which,WDT,
 ,led,VBD,
 ,the,DT,
 ,NFL,NNP,
 ,in,IN,
 ,scoring,VBG,
 ,(,-LRB-,
 ,500,CD,
 ,points,NNS,
 ,),-RRB-,
 ,",",",",
 ,was,VBD,
 ,loaded,VBN,
 ,with,IN,
 ,talent,NN,
 ,",",",",
 ,boasting,VBG,
 ,six,CD,
 ,Pro,NNP,
 ,Bowl,NNP,
 ,selections,NNS,
 ,.,.,
 ,Pro,NNP,
 ,Bowl,NNP,
 ,quarterback,NN,
 ,Cam,NNP,
 ,Newton,NNP,
 ,had,VBD,
 ,one,CD,
 ,of,IN,
 ,his,PRP$,
 ,best,JJS,
 ,seasons,NNS,
 ,",",",",
 ,throwing,VBG,
 ,for,IN,
 ,"3,837",CD,
 ,yards,NNS,
 ,and,CC,
 ,rushing,VBG,
 ,for,IN,
 ,636,CD,
 ,",",",",
 ,while,IN,
 ,recording,VBG,
 ,a,DT,
 ,career,NN,
 ,-,HYPH,
 ,high,JJ,
 ,and,CC,
 ,league,NN,
 ,-,HYPH,
 ,leading,VBG,
 ,45,CD,
 ,total,JJ,
 ,touchdowns,NNS,
 ,(,-LRB-,
 ,35,CD,
 ,passing,VBG,
 ,",",",",
 ,10,CD,
 ,rushing,NN,
 ,),-RRB-,
 ,",",",",
 ,a,DT,
 ,career,NN,
 ,-,HYPH,
 ,low,JJ,
 ,10,CD,
 ,interceptions,NNS,
 ,",",",",
 ,and,CC,
 ,a,DT,
 ,career,NN,
 ,-,HYPH,
 ,best,JJS,
 ,quarterback,NN,
 ,rating,NN,
 ,of,IN,
 ,99.4,CD,
 ,.,.,
 ,Newton,NNP,
 ,'s,POS,
 ,leading,JJ,
 ,receivers,NNS,
 ,were,VBD,
 ,tight,JJ,
 ,end,NN,
 ,Greg,NNP,
 ,Olsen,NNP,
 ,",",",",
 ,who,WP,
 ,caught,VBD,
 ,a,DT,
 ,career,NN,
 ,-,HYPH,
 ,high,JJ,
 ,77,CD,
 ,passes,NNS,
 ,for,IN,
 ,"1,104",CD,
 ,yards,NNS,
 ,and,CC,
 ,seven,CD,
 ,touchdowns,NNS,
 ,",",",",
 ,and,CC,
 ,wide,JJ,
 ,receiver,NN,
 ,Ted,NNP,
 ,Ginn,NNP,
 ,",",",",
 ,Jr.,NNP,
 ,",",",",
 ,who,WP,
 ,caught,VBD,
 ,44,CD,
 ,passes,NNS,
 ,for,IN,
 ,739,CD,
 ,yards,NNS,
 ,and,CC,
 ,10,CD,
 ,touchdowns,NNS,
 ,;,:,
 ,Ginn,NNP,
 ,also,RB,
 ,rushed,VBD,
 ,for,IN,
 ,60,CD,
 ,yards,NNS,
 ,and,CC,
 ,returned,VBD,
 ,27,CD,
 ,punts,NNS,
 ,for,IN,
 ,277,CD,
 ,yards,NNS,
 ,.,.,
 ,Other,JJ,
 ,key,JJ,
 ,receivers,NNS,
 ,included,VBD,
 ,veteran,NN,
 ,Jerricho,NNP,
 ,Cotchery,NNP,
 ,(,-LRB-,
 ,39,CD,
 ,receptions,NNS,
 ,for,IN,
 ,485,CD,
 ,yards,NNS,
 ,),-RRB-,
 ,",",",",
 ,rookie,NN,
 ,Devin,NNP,
 ,Funchess,NNP,
 ,(,-LRB-,
 ,31,CD,
 ,receptions,NNS,
 ,for,IN,
 ,473,CD,
 ,yards,NNS,
 ,and,CC,
 ,five,CD,
 ,touchdowns,NNS,
 ,),-RRB-,
 ,",",",",
 ,and,CC,
 ,second,JJ,
 ,-,HYPH,
 ,year,NN,
 ,receiver,NN,
 ,Corey,NNP,
 ,Brown,NNP,
 ,(,-LRB-,
 ,31,CD,
 ,receptions,NNS,
 ,for,IN,
 ,447,CD,
 ,yards,NNS,
 ,),-RRB-,
 ,.,.,
 ,The,DT,
 ,Panthers,NNP,
 ,backfield,NN,
 ,featured,VBD,
 ,Pro,NNP,
 ,Bowl,NNP,
 ,running,VBG,
 ,back,RB,
 ,Jonathan,NNP,
 ,Stewart,NNP,
 ,",",",",
 ,who,WP,
 ,led,VBD,
 ,the,DT,
 ,team,NN,
 ,with,IN,
 ,989,CD,
 ,rushing,NN,
 ,yards,NNS,
 ,and,CC,
 ,six,CD,
 ,touchdowns,NNS,
 ,in,IN,
 ,13,CD,
 ,games,NNS,
 ,",",",",
 ,along,IN,
 ,with,IN,
 ,Pro,NNP,
 ,Bowl,NNP,
 ,fullback,NN,
 ,Mike,NNP,
 ,Tolbert,NNP,
 ,",",",",
 ,who,WP,
 ,rushed,VBD,
 ,for,IN,
 ,256,CD,
 ,yards,NNS,
 ,and,CC,
 ,caught,VBD,
 ,18,CD,
 ,passes,NNS,
 ,for,IN,
 ,another,DT,
 ,154,CD,
 ,yards,NNS,
 ,.,.,
 ,Carolina,NNP,
 ,'s,POS,
 ,offensive,JJ,
 ,line,NN,
 ,also,RB,
 ,featured,VBD,
 ,two,CD,
 ,Pro,NNP,
 ,Bowl,NNP,
 ,selections,NNS,
 ,:,:,
 ,center,NN,
 ,Ryan,NNP,
 ,Kalil,NNP,
 ,and,CC,
 ,guard,VB,
 ,Trai,NNP,
 ,Turner,NNP,
 ,.,.,
Sentence: 12,The,DT,
 ,Panthers,NNP,
 ,defense,NN,
 ,gave,VBD,
 ,up,RP,
 ,just,RB,
 ,308,CD,
 ,points,NNS,
 ,",",",",
 ,ranking,VBG,
 ,sixth,JJ,
 ,in,IN,
 ,the,DT,
 ,league,NN,
 ,",",",",
 ,while,IN,
 ,also,RB,
 ,leading,VBG,
 ,the,DT,
 ,NFL,NNP,
 ,in,IN,
 ,interceptions,NNS,
 ,with,IN,
 ,24,CD,
 ,and,CC,
 ,boasting,VBG,
 ,four,CD,
 ,Pro,NNP,
 ,Bowl,NNP,
 ,selections,NNS,
 ,.,.,
 ,Pro,NNP,
 ,Bowl,NNP,
 ,defensive,JJ,
 ,tackle,NN,
 ,Kawann,NNP,
 ,Short,NNP,
 ,led,VBD,
 ,the,DT,
 ,team,NN,
 ,in,IN,
 ,sacks,NNS,
 ,with,IN,
 ,11,CD,
 ,",",",",
 ,while,IN,
 ,also,RB,
 ,forcing,VBG,
 ,three,CD,
 ,fumbles,NNS,
 ,and,CC,
 ,recovering,VBG,
 ,two,CD,
 ,.,.,
 ,Fellow,NNP,
 ,lineman,NN,
 ,Mario,NNP,
 ,Addison,NNP,
 ,added,VBD,
 ,6½,NN,
 ,sacks,NNS,
 ,.,.,
 ,The,DT,
 ,Panthers,NNP,
 ,line,NN,
 ,also,RB,
 ,featured,VBD,
 ,veteran,NN,
 ,defensive,JJ,
 ,end,NN,
 ,Jared,NNP,
 ,Allen,NNP,
 ,",",",",
 ,a,DT,
 ,5-time,CD,
 ,pro,JJ,
 ,bowler,NN,
 ,who,WP,
 ,was,VBD,
 ,the,DT,
 ,NFL,NNP,
 ,'s,POS,
 ,active,JJ,
 ,career,NN,
 ,sack,NN,
 ,leader,NN,
 ,with,IN,
 ,136,CD,
 ,",",",",
 ,along,IN,
 ,with,IN,
 ,defensive,JJ,
 ,end,NN,
 ,Kony,NNP,
 ,Ealy,NNP,
 ,",",",",
 ,who,WP,
 ,had,VBD,
 ,5,CD,
 ,sacks,NNS,
 ,in,IN,
 ,just,RB,
 ,9,CD,
 ,starts,NNS,
 ,.,.,
 ,Behind,IN,
 ,them,PRP,
 ,",",",",
 ,two,CD,
 ,of,IN,
 ,the,DT,
 ,Panthers,NNP,
 ,three,CD,
 ,starting,VBG,
 ,linebackers,NNS,
 ,were,VBD,
 ,also,RB,
 ,selected,VBN,
 ,to,TO,
 ,play,VB,
 ,in,IN,
 ,the,DT,
 ,Pro,NNP,
 ,Bowl,NNP,
 ,:,:,
 ,Thomas,NNP,
 ,Davis,NNP,
 ,and,CC,
 ,Luke,NNP,
 ,Kuechly,NNP,
 ,.,.,
 ,Davis,NNP,
 ,compiled,VBD,
 ,5½,NNP,
 ,sacks,NNS,
 ,",",",",
 ,four,CD,
 ,forced,VBN,
 ,fumbles,NNS,
 ,",",",",
 ,and,CC,
 ,four,CD,
 ,interceptions,NNS,
 ,",",",",
 ,while,IN,
 ,Kuechly,NNP,
 ,led,VBD,
 ,the,DT,
 ,team,NN,
 ,in,IN,
 ,tackles,NNP,
 ,(,-LRB-,
 ,118,CD,
 ,),-RRB-,
 ,forced,VBD,
 ,two,CD,
 ,fumbles,NNS,
 ,",",",",
 ,and,CC,
 ,intercepted,VBD,
 ,four,CD,
 ,passes,NNS,
 ,of,IN,
 ,his,PRP$,
 ,own,JJ,
 ,.,.,
 ,Carolina,NNP,
 ,'s,POS,
 ,secondary,JJ,
 ,featured,VBD,
 ,Pro,NNP,
 ,Bowl,NNP,
 ,safety,NN,
 ,Kurt,NNP,
 ,Coleman,NNP,
 ,",",",",
 ,who,WP,
 ,led,VBD,
 ,the,DT,
 ,team,NN,
 ,with,IN,
 ,a,DT,
 ,career,NN,
 ,high,JJ,
 ,seven,CD,
 ,interceptions,NNS,
 ,",",",",
 ,while,IN,
 ,also,RB,
 ,racking,VBG,
 ,up,RP,
 ,88,CD,
 ,tackles,NNS,
 ,and,CC,
 ,Pro,NNP,
 ,Bowl,NNP,
 ,cornerback,NN,
 ,Josh,NNP,
 ,Norman,NNP,
 ,",",",",
 ,who,WP,
 ,developed,VBD,
 ,into,IN,
 ,a,DT,
 ,shutdown,NN,
 ,corner,NN,
 ,during,IN,
 ,the,DT,
 ,season,NN,
 ,and,CC,
 ,had,VBD,
 ,four,CD,
 ,interceptions,NNS,
 ,",",",",
 ,two,CD,
 ,of,IN,
 ,which,WDT,
 ,were,VBD,
 ,returned,VBN,
 ,for,IN,
 ,touchdowns,NNS,
 ,.,.,
Sentence: 13,Following,VBG,
 ,their,PRP$,
 ,loss,NN,
 ,in,IN,
 ,the,DT,
 ,divisional,JJ,
 ,round,NN,
 ,of,IN,
 ,the,DT,
 ,previous,JJ,
 ,season,NN,
 ,'s,POS,
 ,playoffs,NNS,
 ,",",",",
 ,the,DT,
 ,Denver,NNP,
 ,Broncos,NNP,
 ,underwent,VBD,
 ,numerous,JJ,
 ,coaching,NN,
 ,changes,NNS,
 ,",",",",
 ,including,VBG,
 ,a,DT,
 ,mutual,JJ,
 ,parting,NN,
 ,with,IN,
 ,head,NN,
 ,coach,NN,
 ,John,NNP,
 ,Fox,NNP,
 ,(,-LRB-,
 ,who,WP,
 ,had,VBD,
 ,won,VBN,
 ,four,CD,
 ,divisional,JJ,
 ,championships,NNS,
 ,in,IN,
 ,his,PRP$,
 ,four,CD,
 ,years,NNS,
 ,as,IN,
 ,Broncos,NNPS,
 ,head,VBP,
 ,coach,NN,
 ,),-RRB-,
 ,",",",",
 ,and,CC,
 ,the,DT,
 ,hiring,NN,
 ,of,IN,
 ,Gary,NNP,
 ,Kubiak,NNP,
 ,as,IN,
 ,the,DT,
 ,new,JJ,
 ,head,NN,
 ,coach,NN,
 ,.,.,
 ,Under,IN,
 ,Kubiak,NNP,
 ,",",",",
 ,the,DT,
 ,Broncos,NNPS,
 ,planned,VBD,
 ,to,TO,
 ,install,VB,
 ,a,DT,
 ,run,NN,
 ,-,HYPH,
 ,oriented,VBN,
 ,offense,NN,
 ,with,IN,
 ,zone,NN,
 ,blocking,VBG,
 ,to,TO,
 ,blend,VB,
 ,in,RP,
 ,with,IN,
 ,quarterback,NN,
 ,Peyton,NNP,
 ,Manning,NNP,
 ,'s,POS,
 ,shotgun,NN,
 ,passing,VBG,
 ,skills,NNS,
 ,",",",",
 ,but,CC,
 ,struggled,VBD,
 ,with,IN,
 ,numerous,JJ,
 ,changes,NNS,
 ,and,CC,
 ,injuries,NNS,
 ,to,IN,
 ,the,DT,
 ,offensive,JJ,
 ,line,NN,
 ,",",",",
 ,as,RB,
 ,well,RB,
 ,as,IN,
 ,Manning,VBG,
 ,having,VBG,
 ,his,PRP$,
 ,worst,JJS,
 ,statistical,JJ,
 ,season,NN,
 ,since,IN,
 ,his,PRP$,
 ,rookie,NN,
 ,year,NN,
 ,with,IN,
 ,the,DT,
 ,Indianapolis,NNP,
 ,Colts,NNP,
 ,in,IN,
 ,1998,CD,
 ,",",",",
 ,due,IN,
 ,to,IN,
 ,a,DT,
 ,plantar,NN,
 ,fasciitis,NN,
 ,injury,NN,
 ,in,IN,
 ,his,PRP$,
 ,heel,NN,
 ,that,IN,
 ,he,PRP,
 ,had,VBD,
 ,suffered,VBN,
 ,since,IN,
 ,the,DT,
 ,summer,NN,
 ,",",",",
 ,and,CC,
 ,the,DT,
 ,simple,JJ,
 ,fact,NN,
 ,that,IN,
 ,Manning,NNP,
 ,was,VBD,
 ,getting,VBG,
 ,old,JJ,
 ,",",",",
 ,as,IN,
 ,he,PRP,
 ,turned,VBD,
 ,39,CD,
 ,in,IN,
 ,the,DT,
 ,2015,CD,
 ,off,IN,
 ,-,HYPH,
 ,season,NN,
 ,.,.,
 ,Although,IN,
 ,the,DT,
 ,team,NN,
 ,had,VBD,
 ,a,DT,
 ,7–0,CD,
 ,start,NN,
 ,",",",",
 ,Manning,NNP,
 ,led,VBD,
 ,the,DT,
 ,NFL,NNP,
 ,in,IN,
 ,interceptions,NNS,
 ,.,.,
 ,In,IN,
 ,week,NN,
 ,10,CD,
 ,",",",",
 ,Manning,NNP,
 ,suffered,VBD,
 ,a,DT,
 ,partial,JJ,
 ,tear,NN,
 ,of,IN,
 ,the,DT,
 ,plantar,NNP,
 ,fasciitis,NN,
 ,in,IN,
 ,his,PRP$,
 ,left,JJ,
 ,foot,NN,
 ,.,.,
 ,He,PRP,
 ,set,VBD,
 ,the,DT,
 ,NFL,NNP,
 ,'s,POS,
 ,all,DT,
 ,-,HYPH,
 ,time,NN,
 ,record,NN,
 ,for,IN,
 ,career,NN,
 ,passing,VBG,
 ,yards,NNS,
 ,in,IN,
 ,this,DT,
 ,game,NN,
 ,",",",",
 ,but,CC,
 ,was,VBD,
 ,benched,VBN,
 ,after,IN,
 ,throwing,VBG,
 ,four,CD,
 ,interceptions,NNS,
 ,in,IN,
 ,favor,NN,
 ,of,IN,
 ,backup,JJ,
 ,quarterback,NN,
 ,Brock,NNP,
 ,Osweiler,NNP,
 ,",",",",
 ,who,WP,
 ,took,VBD,
 ,over,RP,
 ,as,IN,
 ,the,DT,
 ,starter,NN,
 ,for,IN,
 ,most,JJS,
 ,of,IN,
 ,the,DT,
 ,remainder,NN,
 ,of,IN,
 ,the,DT,
 ,regular,JJ,
 ,season,NN,
 ,.,.,
 ,Osweiler,NNP,
 ,was,VBD,
 ,injured,VBN,
 ,",",",",
 ,however,RB,
 ,",",",",
 ,leading,VBG,
 ,to,IN,
 ,Manning,NNP,
 ,'s,POS,
 ,return,NN,
 ,during,IN,
 ,the,DT,
 ,Week,NNP,
 ,17,CD,
 ,regular,JJ,
 ,season,NN,
 ,finale,NN,
 ,",",",",
 ,where,WRB,
 ,the,DT,
 ,Broncos,NNPS,
 ,were,VBD,
 ,losing,VBG,
 ,13–7,NN,
 ,against,IN,
 ,the,DT,
 ,4–11,NNP,
 ,San,NNP,
 ,Diego,NNP,
 ,Chargers,NNP,
 ,",",",",
 ,resulting,VBG,
 ,in,IN,
 ,Manning,NNP,
 ,re,VB,
 ,-,VBG,
 ,claiming,VBG,
 ,the,DT,
 ,starting,VBG,
 ,quarterback,NN,
 ,position,NN,
 ,for,IN,
 ,the,DT,
 ,playoffs,NNS,
 ,by,IN,
 ,leading,VBG,
 ,the,DT,
 ,team,NN,
 ,to,IN,
 ,a,DT,
 ,key,JJ,
 ,27–20,NN,
 ,win,NN,
 ,that,WDT,
 ,enabled,VBD,
 ,the,DT,
 ,team,NN,
 ,to,TO,
 ,clinch,VB,
 ,the,DT,
 ,number,NN,
 ,one,CD,
 ,overall,JJ,
 ,AFC,NNP,
 ,seed,NN,
 ,.,.,
 ,Under,IN,
 ,defensive,JJ,
 ,coordinator,NN,
 ,Wade,NNP,
 ,Phillips,NNP,
 ,",",",",
 ,the,DT,
 ,Broncos,NNPS,
 ,',POS,
 ,defense,NN,
 ,ranked,VBD,
 ,number,NN,
 ,one,NN,
 ,in,IN,
 ,total,JJ,
 ,yards,NNS,
 ,allowed,VBN,
 ,",",",",
 ,passing,VBG,
 ,yards,NNS,
 ,allowed,VBN,
 ,and,CC,
 ,sacks,NNS,
 ,",",",",
 ,and,CC,
 ,like,IN,
 ,the,DT,
 ,previous,JJ,
 ,three,CD,
 ,seasons,NNS,
 ,",",",",
 ,the,DT,
 ,team,NN,
 ,has,VBZ,
 ,continued,VBN,
 ,to,TO,
 ,set,VB,
 ,numerous,JJ,
 ,individual,NN,
 ,",",",",
 ,league,NN,
 ,and,CC,
 ,franchise,NN,
 ,records,NNS,
 ,.,.,
 ,With,IN,
 ,the,DT,
 ,defense,NN,
 ,carrying,VBG,
 ,the,DT,
 ,team,NN,
 ,despite,IN,
 ,the,DT,
 ,issues,NNS,
 ,with,IN,
 ,the,DT,
 ,offense,NN,
 ,",",",",
 ,the,DT,
 ,Broncos,NNPS,
 ,finished,VBD,
 ,the,DT,
 ,regular,JJ,
 ,season,NN,
 ,with,IN,
 ,a,DT,
 ,12–4,JJ,
 ,record,NN,
 ,and,CC,
 ,earned,VBD,
 ,home,NN,
 ,-,HYPH,
 ,field,NN,
 ,advantage,NN,
 ,throughout,IN,
 ,the,DT,
 ,AFC,NNP,
 ,playoffs,NNS,
 ,.,.,
Sentence: 14,Manning,VBG,
 ,finished,VBD,
 ,the,DT,
 ,year,NN,
 ,with,IN,
 ,a,DT,
 ,career,NN,
 ,-,HYPH,
 ,low,JJ,
 ,67.9,CD,
 ,passer,NN,
 ,rating,NN,
 ,",",",",
 ,throwing,VBG,
 ,for,IN,
 ,"2,249",CD,
 ,yards,NNS,
 ,and,CC,
 ,nine,CD,
 ,touchdowns,NNS,
 ,",",",",
 ,with,IN,
 ,17,CD,
 ,interceptions,NNS,
 ,.,.,
 ,In,IN,
 ,contrast,NN,
 ,",",",",
 ,Osweiler,NNP,
 ,threw,VBD,
 ,for,IN,
 ,"1,967",CD,
 ,yards,NNS,
 ,",",",",
 ,10,CD,
 ,touchdowns,NNS,
 ,and,CC,
 ,six,CD,
 ,interceptions,NNS,
 ,for,IN,
 ,a,DT,
 ,rating,NN,
 ,of,IN,
 ,86.4,CD,
 ,.,.,
 ,Veteran,NN,
 ,receiver,VBD,
 ,Demaryius,NNP,
 ,Thomas,NNP,
 ,led,VBD,
 ,the,DT,
 ,team,NN,
 ,with,IN,
 ,105,CD,
 ,receptions,NNS,
 ,for,IN,
 ,"1,304",CD,
 ,yards,NNS,
 ,and,CC,
 ,six,CD,
 ,touchdowns,NNS,
 ,",",",",
 ,while,IN,
 ,Emmanuel,NNP,
 ,Sanders,NNP,
 ,caught,VBD,
 ,76,CD,
 ,passes,VBZ,
 ,for,IN,
 ,"1,135",CD,
 ,yards,NNS,
 ,and,CC,
 ,six,CD,
 ,scores,NNS,
 ,",",",",
 ,while,IN,
 ,adding,VBG,
 ,another,DT,
 ,106,CD,
 ,yards,NNS,
 ,returning,VBG,
 ,punts,NNS,
 ,.,.,
 ,Tight,JJ,
 ,end,NN,
 ,Owen,NNP,
 ,Daniels,NNP,
 ,was,VBD,
 ,also,RB,
 ,a,DT,
 ,big,JJ,
 ,element,NN,
 ,of,IN,
 ,the,DT,
 ,passing,VBG,
 ,game,NN,
 ,with,IN,
 ,46,CD,
 ,receptions,NNS,
 ,for,IN,
 ,517,CD,
 ,yards,NNS,
 ,.,.,
 ,Running,VBG,
 ,back,RP,
 ,C.,NNP,
 ,J.,NNP,
 ,Anderson,NNP,
 ,was,VBD,
 ,the,DT,
 ,team,NN,
 ,'s,POS,
 ,leading,VBG,
 ,rusher,JJR,
 ,863,CD,
 ,yards,NNS,
 ,and,CC,
 ,seven,CD,
 ,touchdowns,NNS,
 ,",",",",
 ,while,IN,
 ,also,RB,
 ,catching,VBG,
 ,25,CD,
 ,passes,NNS,
 ,for,IN,
 ,183,CD,
 ,yards,NNS,
 ,.,.,
 ,Running,VBG,
 ,back,RP,
 ,Ronnie,NNP,
 ,Hillman,NNP,
 ,also,RB,
 ,made,VBD,
 ,a,DT,
 ,big,JJ,
 ,impact,NN,
 ,with,IN,
 ,720,CD,
 ,yards,NNS,
 ,",",",",
 ,five,CD,
 ,touchdowns,NNS,
 ,",",",",
 ,24,CD,
 ,receptions,NNS,
 ,",",",",
 ,and,CC,
 ,a,DT,
 ,4.7,CD,
 ,yards,NNS,
 ,per,IN,
 ,carry,NN,
 ,average,NN,
 ,.,.,
 ,Overall,RB,
 ,",",",",
 ,the,DT,
 ,offense,NN,
 ,ranked,VBD,
 ,19th,NN,
 ,in,IN,
 ,scoring,VBG,
 ,with,IN,
 ,355,CD,
 ,points,NNS,
 ,and,CC,
 ,did,VBD,
 ,not,RB,
 ,have,VB,
 ,any,DT,
 ,Pro,NNP,
 ,Bowl,NNP,
 ,selections,NNS,
 ,.,.,
Sentence: 15,The,DT,
 ,Broncos,NNPS,
 ,',POS,
 ,defense,NN,
 ,ranked,VBD,
 ,first,RB,
 ,in,IN,
 ,the,DT,
 ,NFL,NNP,
 ,yards,NNS,
 ,allowed,VBN,
 ,(,-LRB-,
 ,"4,530",CD,
 ,),-RRB-,
 ,for,IN,
 ,the,DT,
 ,first,JJ,
 ,time,NN,
 ,in,IN,
 ,franchise,NN,
 ,history,NN,
 ,",",",",
 ,and,CC,
 ,fourth,RB,
 ,in,IN,
 ,points,NNS,
 ,allowed,VBN,
 ,(,-LRB-,
 ,296,CD,
 ,),-RRB-,
 ,.,.,
 ,Defensive,JJ,
 ,ends,VBZ,
 ,Derek,NNP,
 ,Wolfe,NNP,
 ,and,CC,
 ,Malik,NNP,
 ,Jackson,NNP,
 ,each,DT,
 ,had,VBD,
 ,5½,JJ,
 ,sacks,NNS,
 ,.,.,
 ,Pro,NNP,
 ,Bowl,NNP,
 ,linebacker,NN,
 ,Von,NNP,
 ,Miller,NNP,
 ,led,VBD,
 ,the,DT,
 ,team,NN,
 ,with,IN,
 ,11,CD,
 ,sacks,NNS,
 ,",",",",
 ,forced,VBD,
 ,four,CD,
 ,fumbles,NNS,
 ,",",",",
 ,and,CC,
 ,recovered,VBD,
 ,three,CD,
 ,.,.,
 ,Linebacker,NNP,
 ,DeMarcus,NNP,
 ,Ware,NNP,
 ,was,VBD,
 ,selected,VBN,
 ,to,TO,
 ,play,VB,
 ,in,IN,
 ,the,DT,
 ,Pro,NNP,
 ,Bowl,NNP,
 ,for,IN,
 ,the,DT,
 ,ninth,JJ,
 ,time,NN,
 ,in,IN,
 ,his,PRP$,
 ,career,NN,
 ,",",",",
 ,ranking,VBG,
 ,second,JJ,
 ,on,IN,
 ,the,DT,
 ,team,NN,
 ,with,IN,
 ,7½,JJ,
 ,sacks,NNS,
 ,.,.,
 ,Linebacker,NNP,
 ,Brandon,NNP,
 ,Marshall,NNP,
 ,led,VBD,
 ,the,DT,
 ,team,NN,
 ,in,IN,
 ,total,JJ,
 ,tackles,NNS,
 ,with,IN,
 ,109,CD,
 ,",",",",
 ,while,IN,
 ,Danny,NNP,
 ,Trevathan,NNP,
 ,ranked,VBD,
 ,second,RB,
 ,with,IN,
 ,102,CD,
 ,.,.,
 ,Cornerbacks,NNS,
 ,Aqib,VBP,
 ,Talib,NNS,
 ,(,-LRB-,
 ,three,CD,
 ,interceptions,NNS,
 ,),-RRB-,
 ,and,CC,
 ,Chris,NNP,
 ,Harris,NNP,
 ,",",",",
 ,Jr.,NNP,
 ,(,-LRB-,
 ,two,CD,
 ,interceptions,NNS,
 ,),-RRB-,
 ,were,VBD,
 ,the,DT,
 ,other,JJ,
 ,two,CD,
 ,Pro,NNP,
 ,Bowl,NNP,
 ,selections,NNS,
 ,from,IN,
 ,the,DT,
 ,defense,NN,
 ,.,.,
Sentence: 16,The,DT,
 ,Panthers,NNPS,
 ,beat,VBD,
 ,the,DT,
 ,Seattle,NNP,
 ,Seahawks,NNP,
 ,in,IN,
 ,the,DT,
 ,divisional,JJ,
 ,round,NN,
 ,",",",",
 ,running,VBG,
 ,up,RP,
 ,a,DT,
 ,31–0,CD,
 ,halftime,NN,
 ,lead,NN,
 ,and,CC,
 ,then,RB,
 ,holding,VBG,
 ,off,RP,
 ,a,DT,
 ,furious,JJ,
 ,second,JJ,
 ,half,NN,
 ,comeback,NN,
 ,attempt,NN,
 ,to,TO,
 ,win,VB,
 ,31–24,CD,
 ,",",",",
 ,avenging,VBG,
 ,their,PRP$,
 ,elimination,NN,
 ,from,IN,
 ,a,DT,
 ,year,NN,
 ,earlier,RBR,
 ,.,.,
 ,The,DT,
 ,Panthers,NNPS,
 ,then,RB,
 ,blew,VBD,
 ,out,RP,
 ,the,DT,
 ,Arizona,NNP,
 ,Cardinals,NNPS,
 ,in,IN,
 ,the,DT,
 ,NFC,NNP,
 ,Championship,NNP,
 ,Game,NNP,
 ,",",",",
 ,49–15,CD,
 ,",",",",
 ,racking,VBG,
 ,up,RP,
 ,487,CD,
 ,yards,NNS,
 ,and,CC,
 ,forcing,VBG,
 ,seven,CD,
 ,turnovers,NNS,
 ,.,.,
Sentence: 17,The,DT,
 ,Broncos,NNPS,
 ,defeated,VBD,
 ,the,DT,
 ,Pittsburgh,NNP,
 ,Steelers,NNPS,
 ,in,IN,
 ,the,DT,
 ,divisional,JJ,
 ,round,NN,
 ,",",",",
 ,23–16,CD,
 ,",",",",
 ,by,IN,
 ,scoring,VBG,
 ,11,CD,
 ,points,NNS,
 ,in,IN,
 ,the,DT,
 ,final,JJ,
 ,three,CD,
 ,minutes,NNS,
 ,of,IN,
 ,the,DT,
 ,game,NN,
 ,.,.,
 ,They,PRP,
 ,then,RB,
 ,beat,VBD,
 ,the,DT,
 ,defending,VBG,
 ,Super,NNP,
 ,Bowl,NNP,
 ,XLIX,NNP,
 ,champion,NN,
 ,New,NNP,
 ,England,NNP,
 ,Patriots,NNPS,
 ,in,IN,
 ,the,DT,
 ,AFC,NNP,
 ,Championship,NNP,
 ,Game,NNP,
 ,",",",",
 ,20–18,NNP,
 ,",",",",
 ,by,IN,
 ,intercepting,VBG,
 ,a,DT,
 ,pass,NN,
 ,on,IN,
 ,New,NNP,
 ,England,NNP,
 ,'s,POS,
 ,2-point,CD,
 ,conversion,NN,
 ,attempt,NN,
 ,with,IN,
 ,17,CD,
 ,seconds,NNS,
 ,left,VBN,
 ,on,IN,
 ,the,DT,
 ,clock,NN,
 ,.,.,
 ,Despite,IN,
 ,Manning,NNP,
 ,'s,POS,
 ,problems,NNS,
 ,with,IN,
 ,interceptions,NNS,
 ,during,IN,
 ,the,DT,
 ,season,NN,
 ,",",",",
 ,he,PRP,
 ,did,VBD,
 ,n't,RB,
 ,throw,VB,
 ,any,DT,
 ,in,IN,
 ,their,PRP$,
 ,two,CD,
 ,playoff,NN,
 ,games,NNS,
 ,.,.,
Sentence: 18,Carolina,NNP,
 ,suffered,VBD,
 ,a,DT,
 ,major,JJ,
 ,setback,NN,
 ,when,WRB,
 ,Thomas,NNP,
 ,Davis,NNP,
 ,",",",",
 ,an,DT,
 ,11-year,CD,
 ,veteran,NN,
 ,who,WP,
 ,had,VBD,
 ,already,RB,
 ,overcome,VBN,
 ,three,CD,
 ,ACL,NNP,
 ,tears,NNS,
 ,in,IN,
 ,his,PRP$,
 ,career,NN,
 ,",",",",
 ,went,VBD,
 ,down,RP,
 ,with,IN,
 ,a,DT,
 ,broken,JJ,
 ,arm,NN,
 ,in,IN,
 ,the,DT,
 ,NFC,NNP,
 ,Championship,NNP,
 ,Game,NNP,
 ,.,.,
 ,Despite,IN,
 ,this,DT,
 ,",",",",
 ,he,PRP,
 ,insisted,VBD,
 ,he,PRP,
 ,would,MD,
 ,still,RB,
 ,find,VB,
 ,a,DT,
 ,way,NN,
 ,to,TO,
 ,play,VB,
 ,in,IN,
 ,the,DT,
 ,Super,NNP,
 ,Bowl,NNP,
 ,.,.,
 ,His,PRP$,
 ,prediction,NN,
 ,turned,VBD,
 ,out,RP,
 ,to,TO,
 ,be,VB,
 ,accurate,JJ,
 ,.,.,
Sentence: 19,Peyton,NNP,
 ,Manning,NNP,
 ,became,VBD,
 ,the,DT,
 ,first,JJ,
 ,quarterback,NN,
 ,ever,RB,
 ,to,TO,
 ,lead,VB,
 ,two,CD,
 ,different,JJ,
 ,teams,NNS,
 ,to,IN,
 ,multiple,VB,
 ,Super,AFX,
 ,Bowls,NNPS,
 ,.,.,
 ,He,PRP,
 ,is,VBZ,
 ,also,RB,
 ,the,DT,
 ,oldest,JJS,
 ,quarterback,NN,
 ,ever,RB,
 ,to,TO,
 ,play,VB,
 ,in,IN,
 ,a,DT,
 ,Super,NNP,
 ,Bowl,NNP,
 ,at,IN,
 ,age,NN,
 ,39,CD,
 ,.,.,
 ,The,DT,
 ,past,JJ,
 ,record,NN,
 ,was,VBD,
 ,held,VBN,
 ,by,IN,
 ,John,NNP,
 ,Elway,NNP,
 ,",",",",
 ,who,WP,
 ,led,VBD,
 ,the,DT,
 ,Broncos,NNPS,
 ,to,TO,
 ,victory,NN,
 ,in,IN,
 ,Super,NNP,
 ,Bowl,NNP,
 ,XXXIII,NNP,
 ,at,IN,
 ,age,NN,
 ,38,CD,
 ,and,CC,
 ,is,VBZ,
 ,currently,RB,
 ,Denver,NNP,
 ,'s,POS,
 ,Executive,NNP,
 ,Vice,NNP,
 ,President,NNP,
 ,of,IN,
 ,Football,NNP,
 ,Operations,NNPS,
 ,and,CC,
 ,General,NNP,
 ,Manager,NNP,
 ,.,.,
Sentence: 20,This,DT,
 ,was,VBD,
 ,the,DT,
 ,first,JJ,
 ,Super,NNP,
 ,Bowl,NNP,
 ,to,TO,
 ,feature,VB,
 ,a,DT,
 ,quarterback,NN,
 ,on,IN,
 ,both,DT,
 ,teams,NNS,
 ,who,WP,
 ,was,VBD,
 ,the,DT,
 ,#,$,
 ,1,CD,
 ,pick,VB,
 ,in,IN,
 ,their,PRP$,
 ,draft,NN,
 ,classes,NNS,
 ,.,.,
 ,Manning,NN,
 ,was,VBD,
 ,the,DT,
 ,#,$,
 ,1,CD,
 ,selection,NN,
 ,of,IN,
 ,the,DT,
 ,1998,CD,
 ,NFL,NNP,
 ,draft,NN,
 ,",",",",
 ,while,IN,
 ,Newton,NNP,
 ,was,VBD,
 ,picked,VBN,
 ,first,RB,
 ,in,IN,
 ,2011,CD,
 ,.,.,
 ,The,DT,
 ,matchup,NN,
 ,also,RB,
 ,pits,VBZ,
 ,the,DT,
 ,top,JJ,
 ,two,CD,
 ,picks,NNS,
 ,of,IN,
 ,the,DT,
 ,2011,CD,
 ,draft,NN,
 ,against,IN,
 ,each,DT,
 ,other,JJ,
 ,:,:,
 ,Newton,NNP,
 ,for,IN,
 ,Carolina,NNP,
 ,and,CC,
 ,Von,NNP,
 ,Miller,NNP,
 ,for,IN,
 ,Denver,NNP,
 ,.,.,
 ,Manning,NNP,
 ,and,CC,
 ,Newton,NNP,
 ,also,RB,
 ,set,VBD,
 ,the,DT,
 ,record,NN,
 ,for,IN,
 ,the,DT,
 ,largest,JJS,
 ,age,NN,
 ,difference,NN,
 ,between,IN,
 ,opposing,VBG,
 ,Super,NNP,
 ,Bowl,NNP,
 ,quarterbacks,NNS,
 ,at,IN,
 ,13,CD,
 ,years,NNS,
 ,and,CC,
 ,48,CD,
 ,days,NNS,
 ,(,-LRB-,
 ,Manning,NN,
 ,was,VBD,
 ,39,CD,
 ,",",",",
 ,Newton,NNP,
 ,was,VBD,
 ,26,CD,
 ,),-RRB-,
 ,.,.,
Sentence: 21,With,IN,
 ,Rivera,NNP,
 ,having,VBG,
 ,been,VBN,
 ,a,DT,
 ,linebacker,NN,
 ,with,IN,
 ,the,DT,
 ,Chicago,NNP,
 ,Bears,NNPS,
 ,in,IN,
 ,Super,NNP,
 ,Bowl,NNP,
 ,XX,NNP,
 ,",",",",
 ,and,CC,
 ,Kubiak,NNP,
 ,replacing,VBG,
 ,Elway,NNP,
 ,at,IN,
 ,the,DT,
 ,end,NN,
 ,of,IN,
 ,the,DT,
 ,Broncos,NNPS,
 ,',POS,
 ,defeats,NNS,
 ,in,IN,
 ,Super,NNP,
 ,Bowls,NNP,
 ,XXI,NNP,
 ,and,CC,
 ,XXIV,NNP,
 ,",",",",
 ,this,DT,
 ,will,MD,
 ,be,VB,
 ,the,DT,
 ,first,JJ,
 ,Super,NNP,
 ,Bowl,NNP,
 ,in,IN,
 ,which,WDT,
 ,both,DT,
 ,head,NN,
 ,coaches,NNS,
 ,played,VBN,
 ,in,IN,
 ,the,DT,
 ,game,NN,
 ,themselves,PRP,
 ,.,.,
Sentence: 22,Concerns,NNS,
 ,were,VBD,
 ,raised,VBN,
 ,over,IN,
 ,whether,IN,
 ,Levi,NNP,
 ,'s,POS,
 ,Stadium,NNP,
 ,'s,POS,
 ,field,NN,
 ,was,VBD,
 ,of,IN,
 ,a,DT,
 ,high,JJ,
 ,enough,JJ,
 ,quality,NN,
 ,to,TO,
 ,host,VB,
 ,a,DT,
 ,Super,NNP,
 ,Bowl,NNP,
 ,;,:,
 ,during,IN,
 ,the,DT,
 ,inaugural,JJ,
 ,season,NN,
 ,",",",",
 ,the,DT,
 ,field,NN,
 ,had,VBD,
 ,to,TO,
 ,be,VB,
 ,re,VBN,
 ,-,JJ,
 ,sodded,JJ,
 ,multiple,JJ,
 ,times,NNS,
 ,due,JJ,
 ,to,IN,
 ,various,JJ,
 ,issues,NNS,
 ,",",",",
 ,and,CC,
 ,during,IN,
 ,a,DT,
 ,week,NN,
 ,6,CD,
 ,game,NN,
 ,earlier,RBR,
 ,in,IN,
 ,the,DT,
 ,2015,CD,
 ,season,NN,
 ,",",",",
 ,a,DT,
 ,portion,NN,
 ,of,IN,
 ,the,DT,
 ,turf,NN,
 ,collapsed,VBN,
 ,under,IN,
 ,Baltimore,NNP,
 ,Ravens,NNP,
 ,kicker,NN,
 ,Justin,NNP,
 ,Tucker,NNP,
 ,",",",",
 ,causing,VBG,
 ,him,PRP,
 ,to,TO,
 ,slip,VB,
 ,and,CC,
 ,miss,VB,
 ,a,DT,
 ,field,NN,
 ,goal,NN,
 ,",",",",
 ,although,IN,
 ,the,DT,
 ,field,NN,
 ,has,VBZ,
 ,not,RB,
 ,had,VBN,
 ,any,DT,
 ,major,JJ,
 ,issues,NNS,
 ,since,RB,
 ,.,.,
 ,As,IN,
 ,is,VBZ,
 ,customary,JJ,
 ,for,IN,
 ,Super,NNP,
 ,Bowl,NNP,
 ,games,NNS,
 ,played,VBD,
 ,at,IN,
 ,natural,JJ,
 ,grass,NN,
 ,stadiums,NNS,
 ,",",",",
 ,the,DT,
 ,NFL,NNP,
 ,re,NN,
 ,-,VBD,
 ,sodded,VBD,
 ,the,DT,
 ,field,NN,
 ,with,IN,
 ,a,DT,
 ,new,JJ,
 ,playing,NN,
 ,surface,NN,
 ,;,:,
 ,a,DT,
 ,hybrid,JJ,
 ,Bermuda,NNP,
 ,419,CD,
 ,turf,NN,
 ,.,.,
 ,NFL,NNP,
 ,and,CC,
 ,Atlanta,NNP,
 ,Braves,NNPS,
 ,field,NN,
 ,director,NN,
 ,Ed,NNP,
 ,Mangan,NNP,
 ,stated,VBD,
 ,that,IN,
 ,the,DT,
 ,field,NN,
 ,was,VBD,
 ,in,IN,
 ,"""",``,
 ,great,JJ,
 ,shape,NN,
 ,"""",'',
 ,for,IN,
 ,gameday,NNP,
 ,.,.,
 ,However,RB,
 ,",",",",
 ,the,DT,
 ,turf,NN,
 ,showed,VBD,
 ,problem,NN,
 ,throughout,IN,
 ,the,DT,
 ,game,NN,
 ,",",",",
 ,with,IN,
 ,a,DT,
 ,number,NN,
 ,of,IN,
 ,players,NNS,
 ,needing,VBG,
 ,to,TO,
 ,change,VB,
 ,their,PRP$,
 ,cleats,NNS,
 ,during,IN,
 ,the,DT,
 ,game,NN,
 ,and,CC,
 ,player,NN,
 ,slipping,VBG,
 ,during,IN,
 ,plays,NNS,
 ,all,RB,
 ,throughout,IN,
 ,the,DT,
 ,game,NN,
 ,.,.,
Sentence: 23,As,IN,
 ,the,DT,
 ,designated,VBN,
 ,home,NN,
 ,team,NN,
 ,in,IN,
 ,the,DT,
 ,annual,JJ,
 ,rotation,NN,
 ,between,IN,
 ,AFC,NNP,
 ,and,CC,
 ,NFC,NNP,
 ,teams,NNS,
 ,",",",",
 ,the,DT,
 ,Broncos,NNPS,
 ,elected,VBD,
 ,to,TO,
 ,wear,VB,
 ,their,PRP$,
 ,road,NN,
 ,white,JJ,
 ,jerseys,NNS,
 ,with,IN,
 ,matching,VBG,
 ,white,JJ,
 ,pants,NNS,
 ,.,.,
 ,Elway,NNP,
 ,stated,VBD,
 ,",",",",
 ,"""",``,
 ,We,PRP,
 ,'ve,VB,
 ,had,VBD,
 ,Super,NNP,
 ,Bowl,NNP,
 ,success,NN,
 ,in,IN,
 ,our,PRP$,
 ,white,JJ,
 ,uniforms,NNS,
 ,.,.,
 ,"""",'',
 ,The,DT,
 ,Broncos,NNPS,
 ,last,RB,
 ,wore,VBD,
 ,matching,VBG,
 ,white,JJ,
 ,jerseys,NNS,
 ,and,CC,
 ,pants,NNS,
 ,in,IN,
 ,the,DT,
 ,Super,NNP,
 ,Bowl,NNP,
 ,in,IN,
 ,Super,NNP,
 ,Bowl,NNP,
 ,XXXIII,NNP,
 ,",",",",
 ,Elway,NNP,
 ,'s,POS,
 ,last,JJ,
 ,game,NN,
 ,as,IN,
 ,Denver,NNP,
 ,QB,NNP,
 ,",",",",
 ,when,WRB,
 ,they,PRP,
 ,defeated,VBD,
 ,the,DT,
 ,Atlanta,NNP,
 ,Falcons,NNPS,
 ,34–19,NN,
 ,.,.,
 ,In,IN,
 ,their,PRP$,
 ,only,JJ,
 ,other,JJ,
 ,Super,NNP,
 ,Bowl,NNP,
 ,win,NN,
 ,in,IN,
 ,Super,NNP,
 ,Bowl,NNP,
 ,XXXII,NNP,
 ,",",",",
 ,Denver,NNP,
 ,wore,VBD,
 ,blue,JJ,
 ,jerseys,NNS,
 ,",",",",
 ,which,WDT,
 ,was,VBD,
 ,their,PRP$,
 ,primary,JJ,
 ,color,NN,
 ,at,IN,
 ,the,DT,
 ,time,NN,
 ,.,.,
 ,They,PRP,
 ,also,RB,
 ,lost,VBD,
 ,Super,NNP,
 ,Bowl,NNP,
 ,XXI,NNP,
 ,when,WRB,
 ,they,PRP,
 ,wore,VBD,
 ,white,JJ,
 ,jerseys,NNS,
 ,",",",",
 ,but,CC,
 ,they,PRP,
 ,are,VBP,
 ,0,CD,
 ,-,SYM,
 ,4,CD,
 ,in,IN,
 ,Super,NNP,
 ,Bowls,NNP,
 ,when,WRB,
 ,wearing,VBG,
 ,orange,JJ,
 ,jerseys,NNS,
 ,",",",",
 ,losing,VBG,
 ,in,IN,
 ,Super,NNP,
 ,Bowl,NNP,
 ,XII,NNP,
 ,",",",",
 ,XXII,NNP,
 ,",",",",
 ,XXIV,NNP,
 ,",",",",
 ,and,CC,
 ,XLVIII,NNP,
 ,.,.,
 ,The,DT,
 ,only,JJ,
 ,other,JJ,
 ,AFC,NNP,
 ,champion,NN,
 ,team,NN,
 ,to,TO,
 ,have,VB,
 ,worn,VBN,
 ,white,JJ,
 ,as,IN,
 ,the,DT,
 ,designated,VBN,
 ,home,NN,
 ,team,NN,
 ,in,IN,
 ,the,DT,
 ,Super,NNP,
 ,Bowl,NNP,
 ,was,VBD,
 ,the,DT,
 ,Pittsburgh,NNP,
 ,Steelers,NNPS,
 ,;,:,
 ,they,PRP,
 ,defeated,VBD,
 ,the,DT,
 ,Seattle,NNP,
 ,Seahawks,NNP,
 ,21–10,CD,
 ,in,IN,
 ,Super,NNP,
 ,Bowl,NNP,
 ,XL,NNP,
 ,10,CD,
 ,seasons,NNS,
 ,prior,RB,
 ,.,.,
 ,The,DT,
 ,Broncos,NNPS,
 ,',POS,
 ,decision,NN,
 ,to,TO,
 ,wear,VB,
 ,white,JJ,
 ,meant,VBD,
 ,the,DT,
 ,Panthers,NNPS,
 ,would,MD,
 ,wear,VB,
 ,their,PRP$,
 ,standard,JJ,
 ,home,NN,
 ,uniform,NN,
 ,:,:,
 ,black,JJ,
 ,jerseys,NNS,
 ,with,IN,
 ,silver,JJ,
 ,pants,NNS,
 ,.,.,
Sentence: 24,The,DT,
 ,Panthers,NNPS,
 ,used,VBD,
 ,the,DT,
 ,San,NNP,
 ,Jose,NNP,
 ,State,NNP,
 ,practice,NN,
 ,facility,NN,
 ,and,CC,
 ,stayed,VBD,
 ,at,IN,
 ,the,DT,
 ,San,NNP,
 ,Jose,NNP,
 ,Marriott,NNP,
 ,.,.,
 ,The,DT,
 ,Broncos,NNPS,
 ,practiced,VBD,
 ,at,IN,
 ,Stanford,NNP,
 ,University,NNP,
 ,and,CC,
 ,stayed,VBD,
 ,at,IN,
 ,the,DT,
 ,Santa,NNP,
 ,Clara,NNP,
 ,Marriott,NNP,
 ,.,.,
Sentence: 25,On,IN,
 ,June,NNP,
 ,4,CD,
 ,",",",",
 ,2014,CD,
 ,",",",",
 ,the,DT,
 ,NFL,NNP,
 ,announced,VBD,
 ,that,IN,
 ,the,DT,
 ,practice,NN,
 ,of,IN,
 ,branding,VBG,
 ,Super,NNP,
 ,Bowl,NNP,
 ,games,NNS,
 ,with,IN,
 ,Roman,JJ,
 ,numerals,NNS,
 ,",",",",
 ,a,DT,
 ,practice,NN,
 ,established,VBN,
 ,at,IN,
 ,Super,NNP,
 ,Bowl,NNP,
 ,V,NNP,
 ,",",",",
 ,would,MD,
 ,be,VB,
 ,temporarily,RB,
 ,suspended,VBN,
 ,",",",",
 ,and,CC,
 ,that,IN,
 ,the,DT,
 ,game,NN,
 ,would,MD,
 ,be,VB,
 ,named,VBN,
 ,using,VBG,
 ,Arabic,JJ,
 ,numerals,NNS,
 ,as,IN,
 ,Super,NNP,
 ,Bowl,NNP,
 ,50,CD,
 ,as,IN,
 ,opposed,VBN,
 ,to,IN,
 ,Super,NNP,
 ,Bowl,NNP,
 ,L.,NNP,
 ,The,DT,
 ,use,NN,
 ,of,IN,
 ,Roman,JJ,
 ,numerals,NNS,
 ,will,MD,
 ,be,VB,
 ,reinstated,VBN,
 ,for,IN,
 ,Super,NNP,
 ,Bowl,NNP,
 ,LI,NNP,
 ,.,.,
 ,Jaime,NNP,
 ,Weston,NNP,
 ,",",",",
 ,the,DT,
 ,league,NN,
 ,'s,POS,
 ,vice,NN,
 ,president,NN,
 ,of,IN,
 ,brand,NN,
 ,and,CC,
 ,creative,JJ,
 ,",",",",
 ,explained,VBD,
 ,that,IN,
 ,a,DT,
 ,primary,JJ,
 ,reason,NN,
 ,for,IN,
 ,the,DT,
 ,change,NN,
 ,was,VBD,
 ,the,DT,
 ,difficulty,NN,
 ,of,IN,
 ,designing,VBG,
 ,an,DT,
 ,aesthetically,RB,
 ,pleasing,JJ,
 ,logo,NN,
 ,with,IN,
 ,the,DT,
 ,letter,NN,
 ,"""",``,
 ,L,NNP,
 ,"""",'',
 ,using,VBG,
 ,the,DT,
 ,standardized,JJ,
 ,logo,NN,
 ,template,NN,
 ,introduced,VBN,
 ,at,IN,
 ,Super,NNP,
 ,Bowl,NNP,
 ,XLV,NNP,
 ,.,.,
 ,The,DT,
 ,logo,NN,
 ,also,RB,
 ,deviates,VBZ,
 ,from,IN,
 ,the,DT,
 ,template,NN,
 ,by,IN,
 ,featuring,VBG,
 ,large,JJ,
 ,numerals,NNS,
 ,",",",",
 ,colored,VBN,
 ,in,IN,
 ,gold,NN,
 ,",",",",
 ,behind,IN,
 ,the,DT,
 ,Vince,NNP,
 ,Lombardi,NNP,
 ,Trophy,NNP,
 ,",",",",
 ,instead,RB,
 ,of,IN,
 ,underneath,RB,
 ,and,CC,
 ,in,IN,
 ,silver,NN,
 ,as,IN,
 ,in,IN,
 ,the,DT,
 ,standard,JJ,
 ,logo,NN,
 ,.,.,
Sentence: 26,Various,JJ,
 ,gold,NN,
 ,-,HYPH,
 ,themed,JJ,
 ,promotions,NNS,
 ,and,CC,
 ,initiatives,NNS,
 ,were,VBD,
 ,held,VBN,
 ,throughout,IN,
 ,the,DT,
 ,2015,CD,
 ,NFL,NNP,
 ,season,NN,
 ,to,TO,
 ,tie,VB,
 ,into,IN,
 ,the,DT,
 ,"""",``,
 ,Golden,NNP,
 ,Super,NNP,
 ,Bowl,NNP,
 ,"""",'',
 ,;,:,
 ,gold,NN,
 ,-,HYPH,
 ,tinted,VBN,
 ,logos,NNS,
 ,were,VBD,
 ,implemented,VBN,
 ,across,IN,
 ,the,DT,
 ,NFL,NNP,
 ,'s,POS,
 ,properties,NNS,
 ,and,CC,
 ,painted,VBN,
 ,on,IN,
 ,fields,NNS,
 ,",",",",
 ,the,DT,
 ,numbering,NN,
 ,of,IN,
 ,the,DT,
 ,50-yard,CD,
 ,line,NN,
 ,on,IN,
 ,fields,NNS,
 ,was,VBD,
 ,colored,VBN,
 ,gold,NN,
 ,",",",",
 ,and,CC,
 ,beginning,VBG,
 ,on,IN,
 ,week,NN,
 ,7,CD,
 ,",",",",
 ,all,DT,
 ,sideline,NN,
 ,jackets,NNS,
 ,and,CC,
 ,hats,NNS,
 ,featured,VBD,
 ,gold,NN,
 ,-,HYPH,
 ,trimmed,VBN,
 ,logos,NNS,
 ,.,.,
 ,Gold,NN,
 ,footballs,NNS,
 ,were,VBD,
 ,given,VBN,
 ,to,IN,
 ,each,DT,
 ,high,JJ,
 ,school,NN,
 ,that,WDT,
 ,has,VBZ,
 ,had,VBN,
 ,a,DT,
 ,player,NN,
 ,or,CC,
 ,coach,NN,
 ,appear,VB,
 ,in,IN,
 ,the,DT,
 ,Super,NNP,
 ,Bowl,NNP,
 ,",",",",
 ,and,CC,
 ,"""",``,
 ,homecoming,VBG,
 ,"""",'',
 ,events,NNS,
 ,were,VBD,
 ,also,RB,
 ,held,VBN,
 ,by,IN,
 ,Super,NNP,
 ,Bowl,NNP,
 ,-,HYPH,
 ,winning,VBG,
 ,teams,NNS,
 ,at,IN,
 ,games,NNS,
 ,.,.,
Sentence: 27,The,DT,
 ,annual,JJ,
 ,NFL,NNP,
 ,Experience,NNP,
 ,was,VBD,
 ,held,VBN,
 ,at,IN,
 ,the,DT,
 ,Moscone,NNP,
 ,Center,NNP,
 ,in,IN,
 ,San,NNP,
 ,Francisco,NNP,
 ,.,.,
 ,In,IN,
 ,addition,NN,
 ,",",",",
 ,"""",``,
 ,Super,NNP,
 ,Bowl,NNP,
 ,City,NNP,
 ,"""",'',
 ,opened,VBN,
 ,on,IN,
 ,January,NNP,
 ,30,CD,
 ,at,IN,
 ,Justin,NNP,
 ,Herman,NNP,
 ,Plaza,NNP,
 ,on,IN,
 ,The,DT,
 ,Embarcadero,NNP,
 ,",",",",
 ,featuring,VBG,
 ,games,NNS,
 ,and,CC,
 ,activities,NNS,
 ,that,WDT,
 ,will,MD,
 ,highlight,VB,
 ,the,DT,
 ,Bay,NNP,
 ,Area,NNP,
 ,'s,POS,
 ,technology,NN,
 ,",",",",
 ,culinary,JJ,
 ,creations,NNS,
 ,",",",",
 ,and,CC,
 ,cultural,JJ,
 ,diversity,NN,
 ,.,.,
 ,More,JJR,
 ,than,IN,
 ,1,CD,
 ,million,CD,
 ,people,NNS,
 ,are,VBP,
 ,expected,VBN,
 ,to,TO,
 ,attend,VB,
 ,the,DT,
 ,festivities,NNS,
 ,in,IN,
 ,San,NNP,
 ,Francisco,NNP,
 ,during,IN,
 ,Super,NNP,
 ,Bowl,NNP,
 ,Week,NNP,
 ,.,.,
 ,San,NNP,
 ,Francisco,NNP,
 ,mayor,NN,
 ,Ed,NNP,
 ,Lee,NNP,
 ,said,VBD,
 ,of,IN,
 ,the,DT,
 ,highly,RB,
 ,visible,JJ,
 ,homeless,JJ,
 ,presence,NN,
 ,in,IN,
 ,this,DT,
 ,area,NN,
 ,"""",``,
 ,they,PRP,
 ,are,VBP,
 ,going,VBG,
 ,to,TO,
 ,have,VB,
 ,to,TO,
 ,leave,VB,
 ,"""",'',
 ,.,.,
 ,San,NNP,
 ,Francisco,NNP,
 ,city,NN,
 ,supervisor,NN,
 ,Jane,NNP,
 ,Kim,NNP,
 ,unsuccessfully,RB,
 ,lobbied,VBD,
 ,for,IN,
 ,the,DT,
 ,NFL,NNP,
 ,to,TO,
 ,reimburse,VB,
 ,San,NNP,
 ,Francisco,NNP,
 ,for,IN,
 ,city,NN,
 ,services,NNS,
 ,in,IN,
 ,the,DT,
 ,amount,NN,
 ,of,IN,
 ,$,$,
 ,5,CD,
 ,million,CD,
 ,.,.,
Sentence: 28,In,IN,
 ,addition,NN,
 ,",",",",
 ,there,EX,
 ,are,VBP,
 ,$,$,
 ,2,CD,
 ,million,CD,
 ,worth,NN,
 ,of,IN,
 ,other,JJ,
 ,ancillary,JJ,
 ,events,NNS,
 ,",",",",
 ,including,VBG,
 ,a,DT,
 ,week,NN,
 ,-,HYPH,
 ,long,JJ,
 ,event,NN,
 ,at,IN,
 ,the,DT,
 ,Santa,NNP,
 ,Clara,NNP,
 ,Convention,NNP,
 ,Center,NNP,
 ,",",",",
 ,a,DT,
 ,beer,NN,
 ,",",",",
 ,wine,NN,
 ,and,CC,
 ,food,NN,
 ,festival,NN,
 ,at,IN,
 ,Bellomy,NNP,
 ,Field,NNP,
 ,at,IN,
 ,Santa,NNP,
 ,Clara,NNP,
 ,University,NNP,
 ,",",",",
 ,and,CC,
 ,a,DT,
 ,pep,NN,
 ,rally,NN,
 ,.,.,
 ,A,DT,
 ,professional,JJ,
 ,fundraiser,NN,
 ,will,MD,
 ,aid,VB,
 ,in,IN,
 ,finding,VBG,
 ,business,NN,
 ,sponsors,NNS,
 ,and,CC,
 ,individual,JJ,
 ,donors,NNS,
 ,",",",",
 ,but,CC,
 ,still,RB,
 ,may,MD,
 ,need,VB,
 ,the,DT,
 ,city,NN,
 ,council,NNP,
 ,to,TO,
 ,help,VB,
 ,fund,VB,
 ,the,DT,
 ,event,NN,
 ,.,.,
 ,Additional,JJ,
 ,funding,NN,
 ,will,MD,
 ,be,VB,
 ,provided,VBN,
 ,by,IN,
 ,the,DT,
 ,city,NNP,
 ,council,NNP,
 ,",",",",
 ,which,WDT,
 ,has,VBZ,
 ,announced,VBN,
 ,plans,NNS,
 ,to,TO,
 ,set,VB,
 ,aside,RB,
 ,seed,NN,
 ,funding,NN,
 ,for,IN,
 ,the,DT,
 ,event,NN,
 ,.,.,
Sentence: 29,The,DT,
 ,game,NN,
 ,'s,POS,
 ,media,NNS,
 ,day,NN,
 ,",",",",
 ,which,WDT,
 ,was,VBD,
 ,typically,RB,
 ,held,VBN,
 ,on,IN,
 ,the,DT,
 ,Tuesday,NNP,
 ,afternoon,NN,
 ,prior,RB,
 ,to,IN,
 ,the,DT,
 ,game,NN,
 ,",",",",
 ,was,VBD,
 ,moved,VBN,
 ,to,IN,
 ,the,DT,
 ,Monday,NNP,
 ,evening,NN,
 ,and,CC,
 ,re,NNS,
 ,-,VBN,
 ,branded,VBN,
 ,as,IN,
 ,Super,NNP,
 ,Bowl,NNP,
 ,Opening,NNP,
 ,Night,NNP,
 ,.,.,
 ,The,DT,
 ,event,NN,
 ,was,VBD,
 ,held,VBN,
 ,on,IN,
 ,February,NNP,
 ,1,CD,
 ,",",",",
 ,2016,CD,
 ,at,IN,
 ,SAP,NNP,
 ,Center,NNP,
 ,in,IN,
 ,San,NNP,
 ,Jose,NNP,
 ,.,.,
 ,Alongside,IN,
 ,the,DT,
 ,traditional,JJ,
 ,media,NNS,
 ,availabilities,NNS,
 ,",",",",
 ,the,DT,
 ,event,NN,
 ,featured,VBD,
 ,an,DT,
 ,opening,NN,
 ,ceremony,NN,
 ,with,IN,
 ,player,NN,
 ,introductions,NNS,
 ,on,IN,
 ,a,DT,
 ,replica,NN,
 ,of,IN,
 ,the,DT,
 ,Golden,NNP,
 ,Gate,NNP,
 ,Bridge,NNP,
 ,.,.,
Sentence: 30,For,IN,
 ,the,DT,
 ,first,JJ,
 ,time,NN,
 ,",",",",
 ,the,DT,
 ,Super,NNP,
 ,Bowl,NNP,
 ,50,CD,
 ,Host,NNP,
 ,Committee,NNP,
 ,and,CC,
 ,the,DT,
 ,NFL,NNP,
 ,have,VBP,
 ,openly,RB,
 ,sought,VBN,
 ,disabled,JJ,
 ,veteran,NN,
 ,and,CC,
 ,lesbian,JJ,
 ,",",",",
 ,gay,JJ,
 ,",",",",
 ,bisexual,JJ,
 ,and,CC,
 ,transgender,NN,
 ,-,HYPH,
 ,owned,VBN,
 ,businesses,NNS,
 ,in,IN,
 ,Business,NNP,
 ,Connect,NNP,
 ,",",",",
 ,the,DT,
 ,Super,NNP,
 ,Bowl,NNP,
 ,program,NN,
 ,that,WDT,
 ,provides,VBZ,
 ,local,JJ,
 ,companies,NNS,
 ,with,IN,
 ,contracting,VBG,
 ,opportunities,NNS,
 ,in,IN,
 ,and,CC,
 ,around,IN,
 ,the,DT,
 ,Super,NNP,
 ,Bowl,NNP,
 ,.,.,
 ,The,DT,
 ,host,NN,
 ,committee,NN,
 ,has,VBZ,
 ,already,RB,
 ,raised,VBN,
 ,over,IN,
 ,$,$,
 ,40,CD,
 ,million,CD,
 ,through,IN,
 ,sponsors,NNS,
 ,including,VBG,
 ,Apple,NNP,
 ,",",",",
 ,Google,NNP,
 ,",",",",
 ,Yahoo,NNP,
 ,!,.,
 ,",",",",
 ,Intel,NNP,
 ,",",",",
 ,Gap,NNP,
 ,",",",",
 ,Chevron,NNP,
 ,",",",",
 ,and,CC,
 ,Dignity,NNP,
 ,Health,NNP,
 ,.,.,
Sentence: 31,The,DT,
 ,Super,NNP,
 ,Bowl,NNP,
 ,50,CD,
 ,Host,NNP,
 ,Committee,NNP,
 ,has,VBZ,
 ,vowed,VBN,
 ,to,TO,
 ,be,VB,
 ,"""",``,
 ,the,DT,
 ,most,RBS,
 ,giving,VBG,
 ,Super,NNP,
 ,Bowl,NNP,
 ,ever,RB,
 ,"""",'',
 ,",",",",
 ,and,CC,
 ,will,MD,
 ,dedicate,VB,
 ,25,CD,
 ,percent,NN,
 ,of,IN,
 ,all,DT,
 ,money,NN,
 ,it,PRP,
 ,raises,VBZ,
 ,for,IN,
 ,philanthropic,JJ,
 ,causes,NNS,
 ,in,IN,
 ,the,DT,
 ,Bay,NNP,
 ,Area,NNP,
 ,.,.,
 ,The,DT,
 ,committee,NN,
 ,created,VBD,
 ,the,DT,
 ,50,CD,
 ,fund,NN,
 ,as,IN,
 ,its,PRP$,
 ,philanthropic,JJ,
 ,initiative,NN,
 ,and,CC,
 ,focuses,VBZ,
 ,on,IN,
 ,providing,VBG,
 ,grants,NNS,
 ,to,TO,
 ,aid,VB,
 ,with,IN,
 ,youth,NN,
 ,development,NN,
 ,",",",",
 ,community,NN,
 ,investment,NN,
 ,and,CC,
 ,sustainable,JJ,
 ,environments,NNS,
 ,.,.,
Sentence: 32,In,IN,
 ,addition,NN,
 ,to,IN,
 ,the,DT,
 ,Vince,NNP,
 ,Lombardi,NNP,
 ,Trophy,NNP,
 ,that,WDT,
 ,all,DT,
 ,Super,NNP,
 ,Bowl,NNP,
 ,champions,NNS,
 ,receive,VBP,
 ,",",",",
 ,the,DT,
 ,winner,NN,
 ,of,IN,
 ,Super,NNP,
 ,Bowl,NNP,
 ,50,CD,
 ,will,MD,
 ,also,RB,
 ,receive,VB,
 ,a,DT,
 ,large,JJ,
 ,",",",",
 ,18-karat,CD,
 ,gold,NN,
 ,-,HYPH,
 ,plated,VBN,
 ,"""",``,
 ,50,CD,
 ,"""",'',
 ,.,.,
 ,Each,DT,
 ,digit,NN,
 ,will,MD,
 ,weigh,VB,
 ,33,CD,
 ,lb,RB,
 ,(,-LRB-,
 ,15,CD,
 ,kg,NNS,
 ,),-RRB-,
 ,for,IN,
 ,a,DT,
 ,total,NN,
 ,of,IN,
 ,66,CD,
 ,lb,JJ,
 ,(,-LRB-,
 ,30,CD,
 ,kg,NNS,
 ,),-RRB-,
 ,.,.,
 ,Like,IN,
 ,the,DT,
 ,Lombardi,NNP,
 ,Trophy,NNP,
 ,",",",",
 ,the,DT,
 ,"""",``,
 ,50,CD,
 ,"""",'',
 ,will,MD,
 ,be,VB,
 ,designed,VBN,
 ,by,IN,
 ,Tiffany,NNP,
 ,&,CC,
 ,Co.,NNP,
Sentence: 33,In,IN,
 ,the,DT,
 ,United,NNP,
 ,States,NNP,
 ,",",",",
 ,the,DT,
 ,game,NN,
 ,was,VBD,
 ,televised,VBN,
 ,by,IN,
 ,CBS,NNP,
 ,",",",",
 ,as,IN,
 ,part,NN,
 ,of,IN,
 ,a,DT,
 ,cycle,NN,
 ,between,IN,
 ,the,DT,
 ,three,CD,
 ,main,JJ,
 ,broadcast,NN,
 ,television,NN,
 ,partners,NNS,
 ,of,IN,
 ,the,DT,
 ,NFL,NNP,
 ,.,.,
 ,The,DT,
 ,network,NN,
 ,'s,POS,
 ,lead,JJ,
 ,broadcast,NN,
 ,team,NN,
 ,of,IN,
 ,Jim,NNP,
 ,Nantz,NNP,
 ,and,CC,
 ,Phil,NNP,
 ,Simms,NNP,
 ,called,VBD,
 ,the,DT,
 ,contest,NN,
 ,",",",",
 ,with,IN,
 ,Tracy,NNP,
 ,Wolfson,NNP,
 ,and,CC,
 ,Evan,NNP,
 ,Washburn,NNP,
 ,on,IN,
 ,the,DT,
 ,sidelines,NNS,
 ,.,.,
 ,CBS,NNP,
 ,introduced,VBD,
 ,new,JJ,
 ,features,NNS,
 ,during,IN,
 ,the,DT,
 ,telecast,NN,
 ,",",",",
 ,including,VBG,
 ,pylon,NN,
 ,cameras,NNS,
 ,and,CC,
 ,microphones,NNS,
 ,along,RB,
 ,with,IN,
 ,EyeVision,NNP,
 ,360—an,CD,
 ,array,NN,
 ,of,IN,
 ,36,CD,
 ,cameras,NNS,
 ,along,IN,
 ,the,DT,
 ,upper,JJ,
 ,deck,NN,
 ,that,WDT,
 ,can,MD,
 ,be,VB,
 ,used,VBN,
 ,to,TO,
 ,provide,VB,
 ,a,DT,
 ,360-degree,CD,
 ,view,NN,
 ,of,IN,
 ,plays,NNS,
 ,and,CC,
 ,"""",``,
 ,bullet,NN,
 ,time,NN,
 ,"""",'',
 ,effects,NNS,
 ,.,.,
 ,(,-LRB-,
 ,An,DT,
 ,earlier,JJR,
 ,version,NN,
 ,of,IN,
 ,EyeVision,NNP,
 ,was,VBD,
 ,last,RB,
 ,used,VBN,
 ,in,IN,
 ,Super,NNP,
 ,Bowl,NNP,
 ,XXXV,NNP,
 ,;,:,
 ,for,IN,
 ,Super,NNP,
 ,Bowl,NNP,
 ,50,CD,
 ,",",",",
 ,the,DT,
 ,cameras,NNS,
 ,were,VBD,
 ,upgraded,VBN,
 ,to,IN,
 ,5,CD,
 ,K,NN,
 ,resolution,NN,
 ,.,.,
 ,),-RRB-,
Sentence: 34,On,IN,
 ,December,NNP,
 ,28,CD,
 ,",",",",
 ,2015,CD,
 ,",",",",
 ,ESPN,NNP,
 ,Deportes,NNPS,
 ,announced,VBD,
 ,that,IN,
 ,they,PRP,
 ,had,VBD,
 ,reached,VBN,
 ,an,DT,
 ,agreement,NN,
 ,with,IN,
 ,CBS,NNP,
 ,and,CC,
 ,the,DT,
 ,NFL,NNP,
 ,to,TO,
 ,be,VB,
 ,the,DT,
 ,exclusive,JJ,
 ,Spanish,JJ,
 ,-,HYPH,
 ,language,NN,
 ,broadcaster,NN,
 ,of,IN,
 ,the,DT,
 ,game,NN,
 ,",",",",
 ,marking,VBG,
 ,the,DT,
 ,third,JJ,
 ,dedicated,JJ,
 ,Spanish,JJ,
 ,-,HYPH,
 ,language,NN,
 ,broadcast,NN,
 ,of,IN,
 ,the,DT,
 ,Super,NNP,
 ,Bowl,NNP,
 ,.,.,
 ,Unlike,IN,
 ,NBC,NNP,
 ,and,CC,
 ,Fox,NNP,
 ,",",",",
 ,CBS,NNP,
 ,does,VBZ,
 ,not,RB,
 ,have,VB,
 ,a,DT,
 ,Spanish,JJ,
 ,-,HYPH,
 ,language,NN,
 ,outlet,NN,
 ,of,IN,
 ,its,PRP$,
 ,own,JJ,
 ,that,WDT,
 ,could,MD,
 ,broadcast,VB,
 ,the,DT,
 ,game,NN,
 ,(,-LRB-,
 ,though,IN,
 ,per,IN,
 ,league,NN,
 ,policy,NN,
 ,",",",",
 ,a,DT,
 ,separate,JJ,
 ,Spanish,JJ,
 ,play,NN,
 ,-,HYPH,
 ,by,IN,
 ,-,HYPH,
 ,play,NN,
 ,call,NN,
 ,was,VBD,
 ,carried,VBN,
 ,on,IN,
 ,CBS,NNP,
 ,'s,POS,
 ,second,JJ,
 ,audio,JJ,
 ,program,NN,
 ,channel,NN,
 ,for,IN,
 ,over,IN,
 ,-,HYPH,
 ,the,DT,
 ,-,HYPH,
 ,air,NN,
 ,viewers,NNS,
 ,),-RRB-,
 ,.,.,
 ,The,DT,
 ,game,NN,
 ,was,VBD,
 ,called,VBN,
 ,by,IN,
 ,ESPN,NNP,
 ,Deportes,NNPS,
 ,',POS,
 ,Monday,NNP,
 ,Night,NNP,
 ,Football,NNP,
 ,commentary,NN,
 ,crew,NN,
 ,of,IN,
 ,Alvaro,NNP,
 ,Martin,NNP,
 ,and,CC,
 ,Raul,NNP,
 ,Allegre,NNP,
 ,",",",",
 ,and,CC,
 ,sideline,NN,
 ,reporter,NN,
 ,John,NNP,
 ,Sutcliffe,NNP,
 ,.,.,
 ,ESPN,NNP,
 ,Deportes,NNPS,
 ,broadcast,VBD,
 ,pre,JJ,
 ,-,JJ,
 ,game,JJ,
 ,and,CC,
 ,post,JJ,
 ,-,JJ,
 ,game,JJ,
 ,coverage,NN,
 ,",",",",
 ,while,IN,
 ,Martin,NNP,
 ,",",",",
 ,Allegre,NNP,
 ,",",",",
 ,and,CC,
 ,Sutcliffe,NNP,
 ,contributed,VBD,
 ,English,NNP,
 ,-,HYPH,
 ,language,NN,
 ,reports,NNS,
 ,for,IN,
 ,ESPN,NNP,
 ,'s,POS,
 ,SportsCenter,NNP,
 ,and,CC,
 ,Mike,NNP,
 ,&,CC,
 ,Mike,NNP,
 ,.,.,
Sentence: 35,CBS,NNP,
 ,provided,VBD,
 ,digital,JJ,
 ,streams,NNS,
 ,of,IN,
 ,the,DT,
 ,game,NN,
 ,via,IN,
 ,CBSSports.com,NNP,
 ,",",",",
 ,and,CC,
 ,the,DT,
 ,CBS,NNP,
 ,Sports,NNPS,
 ,apps,NNS,
 ,on,IN,
 ,tablets,NNS,
 ,",",",",
 ,Windows,NNP,
 ,10,CD,
 ,",",",",
 ,Xbox,NNP,
 ,One,CD,
 ,and,CC,
 ,other,JJ,
 ,digital,JJ,
 ,media,NNS,
 ,players,NNS,
 ,(,-LRB-,
 ,such,JJ,
 ,as,IN,
 ,Chromecast,NNP,
 ,and,CC,
 ,Roku,NNP,
 ,),-RRB-,
 ,.,.,
 ,Due,IN,
 ,to,IN,
 ,Verizon,NNP,
 ,Communications,NNP,
 ,exclusivity,NN,
 ,",",",",
 ,streaming,VBG,
 ,on,IN,
 ,smartphones,NNS,
 ,was,VBD,
 ,only,RB,
 ,provided,VBN,
 ,to,IN,
 ,Verizon,NNP,
 ,Wireless,NNP,
 ,customers,NNS,
 ,via,IN,
 ,the,DT,
 ,NFL,NNP,
 ,Mobile,NNP,
 ,service,NN,
 ,.,.,
 ,The,DT,
 ,ESPN,NNP,
 ,Deportes,VBZ,
 ,Spanish,JJ,
 ,broadcast,NN,
 ,was,VBD,
 ,made,VBN,
 ,available,JJ,
 ,through,IN,
 ,WatchESPN,CD,
 ,.,.,
Sentence: 36,As,IN,
 ,opposed,VBN,
 ,to,IN,
 ,broadcasts,NNS,
 ,of,IN,
 ,primetime,NNP,
 ,series,NNP,
 ,",",",",
 ,CBS,NNP,
 ,broadcast,VBD,
 ,special,JJ,
 ,episodes,NNS,
 ,of,IN,
 ,its,PRP$,
 ,late,JJ,
 ,night,NN,
 ,talk,NN,
 ,shows,VBZ,
 ,as,IN,
 ,its,PRP$,
 ,lead,NN,
 ,-,HYPH,
 ,out,RP,
 ,programs,NNS,
 ,for,IN,
 ,Super,NNP,
 ,Bowl,NNP,
 ,50,CD,
 ,",",",",
 ,beginning,VBG,
 ,with,IN,
 ,a,DT,
 ,special,JJ,
 ,episode,NN,
 ,of,IN,
 ,The,DT,
 ,Late,NNP,
 ,Show,NNP,
 ,with,IN,
 ,Stephen,NNP,
 ,Colbert,NNP,
 ,following,VBG,
 ,the,DT,
 ,game,NN,
 ,.,.,
 ,Following,VBG,
 ,a,DT,
 ,break,NN,
 ,for,IN,
 ,late,JJ,
 ,local,JJ,
 ,programming,NN,
 ,",",",",
 ,CBS,NNP,
 ,also,RB,
 ,aired,VBD,
 ,a,DT,
 ,special,JJ,
 ,episode,NN,
 ,of,IN,
 ,The,DT,
 ,Late,NNP,
 ,Late,NNP,
 ,Show,NNP,
 ,with,IN,
 ,James,NNP,
 ,Corden,NNP,
 ,.,.,
Sentence: 37,CBS,NNP,
 ,set,VBD,
 ,the,DT,
 ,base,NN,
 ,rate,NN,
 ,for,IN,
 ,a,DT,
 ,30-second,CD,
 ,advertisement,NN,
 ,at,IN,
 ,$,$,
 ,"5,000,000",CD,
 ,",",",",
 ,a,DT,
 ,record,JJ,
 ,high,JJ,
 ,price,NN,
 ,for,IN,
 ,a,DT,
 ,Super,NNP,
 ,Bowl,NNP,
 ,ad,NN,
 ,.,.,
 ,As,IN,
 ,of,IN,
 ,January,NNP,
 ,26,CD,
 ,",",",",
 ,the,DT,
 ,advertisements,NNS,
 ,had,VBD,
 ,not,RB,
 ,yet,RB,
 ,sold,VBN,
 ,out,RP,
 ,.,.,
 ,CBS,NNP,
 ,mandated,VBD,
 ,that,IN,
 ,all,DT,
 ,advertisers,NNS,
 ,purchase,VBP,
 ,a,DT,
 ,package,NN,
 ,covering,VBG,
 ,time,NN,
 ,on,IN,
 ,both,CC,
 ,the,DT,
 ,television,NN,
 ,and,CC,
 ,digital,JJ,
 ,broadcasts,NNS,
 ,of,IN,
 ,the,DT,
 ,game,NN,
 ,",",",",
 ,meaning,VBG,
 ,that,IN,
 ,for,IN,
 ,the,DT,
 ,first,JJ,
 ,time,NN,
 ,",",",",
 ,digital,JJ,
 ,streams,NNS,
 ,of,IN,
 ,the,DT,
 ,game,NN,
 ,would,MD,
 ,carry,VB,
 ,all,DT,
 ,national,JJ,
 ,advertising,NN,
 ,in,IN,
 ,pattern,NN,
 ,with,IN,
 ,the,DT,
 ,television,NN,
 ,broadcast,NN,
 ,.,.,
 ,This,DT,
 ,would,MD,
 ,be,VB,
 ,the,DT,
 ,final,JJ,
 ,year,NN,
 ,in,IN,
 ,a,DT,
 ,multi,JJ,
 ,-,JJ,
 ,year,JJ,
 ,contract,NN,
 ,with,IN,
 ,Anheuser,NNP,
 ,-,HYPH,
 ,Busch,NNP,
 ,InBev,NNP,
 ,that,WDT,
 ,allowed,VBD,
 ,the,DT,
 ,beer,NN,
 ,manufacturer,NN,
 ,to,IN,
 ,air,NN,
 ,multiple,JJ,
 ,advertisements,NNS,
 ,during,IN,
 ,the,DT,
 ,game,NN,
 ,at,IN,
 ,a,DT,
 ,steep,JJ,
 ,discount,NN,
 ,.,.,
 ,It,PRP,
 ,was,VBD,
 ,also,RB,
 ,the,DT,
 ,final,JJ,
 ,year,NN,
 ,that,WDT,
 ,Doritos,NNP,
 ,",",",",
 ,a,DT,
 ,longtime,JJ,
 ,sponsor,NN,
 ,of,IN,
 ,the,DT,
 ,game,NN,
 ,",",",",
 ,held,VBD,
 ,its,PRP$,
 ,"""",``,
 ,Crash,NNP,
 ,the,DT,
 ,Super,NNP,
 ,Bowl,NNP,
 ,"""",'',
 ,contest,NN,
 ,that,WDT,
 ,allowed,VBD,
 ,viewers,NNS,
 ,to,TO,
 ,create,VB,
 ,their,PRP$,
 ,own,JJ,
 ,Doritos,NNP,
 ,ads,NNS,
 ,for,IN,
 ,a,DT,
 ,chance,NN,
 ,to,TO,
 ,have,VB,
 ,it,PRP,
 ,aired,VBN,
 ,during,IN,
 ,the,DT,
 ,game,NN,
 ,.,.,
 ,Nintendo,NNP,
 ,and,CC,
 ,The,DT,
 ,Pokémon,NNP,
 ,Company,NNP,
 ,also,RB,
 ,made,VBD,
 ,their,PRP$,
 ,Super,NNP,
 ,Bowl,NNP,
 ,debut,NN,
 ,",",",",
 ,promoting,VBG,
 ,the,DT,
 ,20th,JJ,
 ,anniversary,NN,
 ,of,IN,
 ,the,DT,
 ,Pokémon,NNP,
 ,video,NN,
 ,game,NN,
 ,and,CC,
 ,media,NNS,
 ,franchise,NN,
 ,.,.,
Sentence: 38,QuickBooks,NNP,
 ,sponsored,VBD,
 ,a,DT,
 ,"""",``,
 ,Small,NNP,
 ,Business,NNP,
 ,Big,NNP,
 ,Game,NNP,
 ,"""",'',
 ,contest,NN,
 ,",",",",
 ,in,IN,
 ,which,WDT,
 ,Death,NNP,
 ,Wish,NNP,
 ,Coffee,NNP,
 ,had,VBD,
 ,a,DT,
 ,30-second,CD,
 ,commercial,NN,
 ,aired,VBN,
 ,free,JJ,
 ,of,IN,
 ,charge,NN,
 ,courtesy,NN,
 ,of,IN,
 ,QuickBooks,NNP,
 ,.,.,
 ,Death,NNP,
 ,Wish,NNP,
 ,Coffee,NNP,
 ,beat,VBD,
 ,out,RP,
 ,nine,CD,
 ,other,JJ,
 ,contenders,NNS,
 ,from,IN,
 ,across,IN,
 ,the,DT,
 ,United,NNP,
 ,States,NNP,
 ,for,IN,
 ,the,DT,
 ,free,JJ,
 ,advertisement,NN,
 ,.,.,
Sentence: 39,20th,NNP,
 ,Century,NNP,
 ,Fox,NNP,
 ,",",",",
 ,Lionsgate,NNP,
 ,",",",",
 ,Paramount,NNP,
 ,Pictures,NNP,
 ,",",",",
 ,Universal,NNP,
 ,Studios,NNP,
 ,and,CC,
 ,Walt,NNP,
 ,Disney,NNP,
 ,Studios,NNP,
 ,paid,VBN,
 ,for,IN,
 ,movie,NN,
 ,trailers,NNS,
 ,to,TO,
 ,be,VB,
 ,aired,VBN,
 ,during,IN,
 ,the,DT,
 ,Super,NNP,
 ,Bowl,NNP,
 ,.,.,
 ,Fox,NNP,
 ,paid,VBD,
 ,for,IN,
 ,Deadpool,NNP,
 ,",",",",
 ,X,NN,
 ,-,HYPH,
 ,Men,NN,
 ,:,:,
 ,Apocalypse,NNP,
 ,",",",",
 ,Independence,NNP,
 ,Day,NNP,
 ,:,:,
 ,Resurgence,NNP,
 ,and,CC,
 ,Eddie,NNP,
 ,the,DT,
 ,Eagle,NNP,
 ,",",",",
 ,Lionsgate,NNP,
 ,paid,VBD,
 ,for,IN,
 ,Gods,NNP,
 ,of,IN,
 ,Egypt,NNP,
 ,",",",",
 ,Paramount,NNP,
 ,paid,VBD,
 ,for,IN,
 ,Teenage,NNP,
 ,Mutant,NNP,
 ,Ninja,NNP,
 ,Turtles,NNPS,
 ,:,:,
 ,Out,IN,
 ,of,IN,
 ,the,DT,
 ,Shadows,NNPS,
 ,and,CC,
 ,10,CD,
 ,Cloverfield,NNP,
 ,Lane,NNP,
 ,",",",",
 ,Universal,NNP,
 ,paid,VBD,
 ,for,IN,
 ,The,DT,
 ,Secret,NNP,
 ,Life,NNP,
 ,of,IN,
 ,Pets,NNPS,
 ,and,CC,
 ,the,DT,
 ,debut,NN,
 ,trailer,NN,
 ,for,IN,
 ,Jason,NNP,
 ,Bourne,NNP,
 ,and,CC,
 ,Disney,NNP,
 ,paid,VBD,
 ,for,IN,
 ,Captain,NNP,
 ,America,NNP,
 ,:,:,
 ,Civil,NNP,
 ,War,NNP,
 ,",",",",
 ,The,DT,
 ,Jungle,NNP,
 ,Book,NNP,
 ,and,CC,
 ,Alice,NNP,
 ,Through,IN,
 ,the,DT,
 ,Looking,JJ,
 ,Glass.[citation,NN,
 ,needed,VBN,
 ,],-RRB-,
Sentence: 40,Westwood,NNP,
 ,One,NNP,
 ,will,MD,
 ,carry,VB,
 ,the,DT,
 ,game,NN,
 ,throughout,IN,
 ,North,NNP,
 ,America,NNP,
 ,",",",",
 ,with,IN,
 ,Kevin,NNP,
 ,Harlan,NNP,
 ,as,IN,
 ,play,NN,
 ,-,HYPH,
 ,by,IN,
 ,-,HYPH,
 ,play,NN,
 ,announcer,NN,
 ,",",",",
 ,Boomer,NNP,
 ,Esiason,NNP,
 ,and,CC,
 ,Dan,NNP,
 ,Fouts,NNP,
 ,as,IN,
 ,color,NN,
 ,analysts,NNS,
 ,",",",",
 ,and,CC,
 ,James,NNP,
 ,Lofton,NNP,
 ,and,CC,
 ,Mark,NNP,
 ,Malone,NNP,
 ,as,IN,
 ,sideline,NN,
 ,reporters,NNS,
 ,.,.,
 ,Jim,NNP,
 ,Gray,NNP,
 ,will,MD,
 ,anchor,VB,
 ,the,DT,
 ,pre,JJ,
 ,-,JJ,
 ,game,JJ,
 ,and,CC,
 ,halftime,NN,
 ,coverage,NN,
 ,.,.,
Sentence: 41,The,DT,
 ,flagship,NN,
 ,stations,NNS,
 ,of,IN,
 ,each,DT,
 ,station,NN,
 ,in,IN,
 ,the,DT,
 ,markets,NNS,
 ,of,IN,
 ,each,DT,
 ,team,NN,
 ,will,MD,
 ,carry,VB,
 ,their,PRP$,
 ,local,JJ,
 ,play,NN,
 ,-,HYPH,
 ,by,IN,
 ,-,HYPH,
 ,play,NN,
 ,calls,NNS,
 ,.,.,
 ,In,IN,
 ,Denver,NNP,
 ,",",",",
 ,KOA,NNP,
 ,(,-LRB-,
 ,850,CD,
 ,AM,NN,
 ,),-RRB-,
 ,and,CC,
 ,KRFX,NNP,
 ,(,-LRB-,
 ,103.5,CD,
 ,FM,NNP,
 ,),-RRB-,
 ,will,MD,
 ,carry,VB,
 ,the,DT,
 ,game,NN,
 ,",",",",
 ,with,IN,
 ,Dave,NNP,
 ,Logan,NNP,
 ,on,IN,
 ,play,NN,
 ,-,HYPH,
 ,by,IN,
 ,-,HYPH,
 ,play,NN,
 ,and,CC,
 ,Ed,NNP,
 ,McCaffrey,NNP,
 ,on,IN,
 ,color,NN,
 ,commentary,NN,
 ,.,.,
 ,In,IN,
 ,North,NNP,
 ,Carolina,NNP,
 ,",",",",
 ,WBT,NNP,
 ,(,-LRB-,
 ,1110,CD,
 ,AM,NN,
 ,),-RRB-,
 ,will,MD,
 ,carry,VB,
 ,the,DT,
 ,game,NN,
 ,",",",",
 ,with,IN,
 ,Mick,NNP,
 ,Mixon,NNP,
 ,on,IN,
 ,play,NN,
 ,-,HYPH,
 ,by,IN,
 ,-,HYPH,
 ,play,NN,
 ,and,CC,
 ,Eugene,NNP,
 ,Robinson,NNP,
 ,and,CC,
 ,Jim,NNP,
 ,Szoke,NNP,
 ,on,IN,
 ,color,NN,
 ,commentary,NN,
 ,.,.,
 ,WBT,NNP,
 ,will,MD,
 ,also,RB,
 ,simulcast,VB,
 ,the,DT,
 ,game,NN,
 ,on,IN,
 ,its,PRP$,
 ,sister,NN,
 ,station,NN,
 ,WBT,NNP,
 ,-,HYPH,
 ,FM,NNP,
 ,(,-LRB-,
 ,99.3,CD,
 ,FM,NNP,
 ,),-RRB-,
 ,",",",",
 ,which,WDT,
 ,is,VBZ,
 ,based,VBN,
 ,in,IN,
 ,Chester,NNP,
 ,",",",",
 ,South,NNP,
 ,Carolina,NNP,
 ,.,.,
 ,As,IN,
 ,KOA,NNP,
 ,and,CC,
 ,WBT,NNP,
 ,are,VBP,
 ,both,DT,
 ,clear,JJ,
 ,-,HYPH,
 ,channel,NN,
 ,stations,NNS,
 ,",",",",
 ,the,DT,
 ,local,JJ,
 ,broadcasts,NNS,
 ,will,MD,
 ,be,VB,
 ,audible,JJ,
 ,over,IN,
 ,much,JJ,
 ,of,IN,
 ,the,DT,
 ,western,JJ,
 ,United,NNP,
 ,States,NNP,
 ,after,IN,
 ,sunset,NN,
 ,(,-LRB-,
 ,for,IN,
 ,Denver,NNP,
 ,),-RRB-,
 ,and,CC,
 ,the,DT,
 ,eastern,JJ,
 ,United,NNP,
 ,States,NNP,
 ,throughout,IN,
 ,the,DT,
 ,game,NN,
 ,(,-LRB-,
 ,for,IN,
 ,Carolina,NNP,
 ,),-RRB-,
 ,.,.,
 ,In,IN,
 ,accordance,NN,
 ,with,IN,
 ,contractual,JJ,
 ,rules,NNS,
 ,",",",",
 ,the,DT,
 ,rest,NN,
 ,of,IN,
 ,the,DT,
 ,stations,NNS,
 ,in,IN,
 ,the,DT,
 ,Broncos,NNPS,
 ,and,CC,
 ,Panthers,NNP,
 ,radio,NN,
 ,networks,NNS,
 ,will,MD,
 ,either,CC,
 ,carry,VB,
 ,the,DT,
 ,Westwood,NNP,
 ,One,CD,
 ,feed,NN,
 ,or,CC,
 ,not,RB,
 ,carry,VB,
 ,the,DT,
 ,game,NN,
 ,at,RB,
 ,all,RB,
 ,.,.,
Sentence: 42,In,IN,
 ,the,DT,
 ,United,NNP,
 ,Kingdom,NNP,
 ,",",",",
 ,BBC,NNP,
 ,Radio,NNP,
 ,5,CD,
 ,Live,JJ,
 ,and,CC,
 ,5,CD,
 ,Live,JJ,
 ,Sports,NNPS,
 ,Extra,NNP,
 ,will,MD,
 ,carry,VB,
 ,the,DT,
 ,contest,NN,
 ,.,.,
 ,The,DT,
 ,BBC,NNP,
 ,will,MD,
 ,carry,VB,
 ,its,PRP$,
 ,own,JJ,
 ,British,JJ,
 ,English,NNP,
 ,broadcast,NN,
 ,",",",",
 ,with,IN,
 ,Greg,NNP,
 ,Brady,NNP,
 ,",",",",
 ,Darren,NNP,
 ,Fletcher,NNP,
 ,and,CC,
 ,Rocky,NNP,
 ,Boiman,NNP,
 ,on,IN,
 ,commentary,NN,
 ,.,.,
Sentence: 43,In,IN,
 ,honor,NN,
 ,of,IN,
 ,the,DT,
 ,50th,JJ,
 ,Super,NNP,
 ,Bowl,NNP,
 ,",",",",
 ,the,DT,
 ,pregame,NN,
 ,ceremony,NN,
 ,featured,VBD,
 ,the,DT,
 ,on,IN,
 ,-,HYPH,
 ,field,NN,
 ,introduction,NN,
 ,of,IN,
 ,39,CD,
 ,of,IN,
 ,the,DT,
 ,43,CD,
 ,previous,JJ,
 ,Super,NNP,
 ,Bowl,NNP,
 ,Most,RBS,
 ,Valuable,JJ,
 ,Players,NNS,
 ,.,.,
 ,Bart,NNP,
 ,Starr,NNP,
 ,(,-LRB-,
 ,MVP,NNP,
 ,of,IN,
 ,Super,NNP,
 ,Bowls,NNP,
 ,I,PRP,
 ,and,CC,
 ,II,NNP,
 ,),-RRB-,
 ,and,CC,
 ,Chuck,NNP,
 ,Howley,NNP,
 ,(,-LRB-,
 ,MVP,NNP,
 ,of,IN,
 ,Super,NNP,
 ,Bowl,NNP,
 ,V,NNP,
 ,),-RRB-,
 ,appeared,VBD,
 ,via,IN,
 ,video,NN,
 ,",",",",
 ,while,IN,
 ,Peyton,NNP,
 ,Manning,NNP,
 ,(,-LRB-,
 ,MVP,NNP,
 ,of,IN,
 ,Super,NNP,
 ,Bowl,NNP,
 ,XLI,NNP,
 ,and,CC,
 ,current,JJ,
 ,Broncos,NNP,
 ,quarterback,NN,
 ,),-RRB-,
 ,was,VBD,
 ,shown,VBN,
 ,in,IN,
 ,the,DT,
 ,locker,NN,
 ,room,NN,
 ,preparing,VBG,
 ,for,IN,
 ,the,DT,
 ,game,NN,
 ,.,.,
 ,No,DT,
 ,plans,NNS,
 ,were,VBD,
 ,announced,VBN,
 ,regarding,VBG,
 ,the,DT,
 ,recognition,NN,
 ,of,IN,
 ,Harvey,NNP,
 ,Martin,NNP,
 ,",",",",
 ,co,NN,
 ,-,NN,
 ,MVP,NNP,
 ,of,IN,
 ,Super,NNP,
 ,Bowl,NNP,
 ,XII,NNP,
 ,",",",",
 ,who,WP,
 ,died,VBD,
 ,in,IN,
 ,2001,CD,
 ,.,.,
Sentence: 44,Six,CD,
 ,-,HYPH,
 ,time,NN,
 ,Grammy,NNP,
 ,winner,NN,
 ,and,CC,
 ,Academy,NNP,
 ,Award,NNP,
 ,nominee,NN,
 ,Lady,NNP,
 ,Gaga,NNP,
 ,performed,VBD,
 ,the,DT,
 ,national,JJ,
 ,anthem,NN,
 ,",",",",
 ,while,IN,
 ,Academy,NNP,
 ,Award,NNP,
 ,winner,NN,
 ,Marlee,NNP,
 ,Matlin,NNP,
 ,provided,VBD,
 ,American,NNP,
 ,Sign,NNP,
 ,Language,NNP,
 ,(,-LRB-,
 ,ASL,NNP,
 ,),-RRB-,
 ,translation,NN,
 ,.,.,
Sentence: 45,In,IN,
 ,late,JJ,
 ,November,NNP,
 ,2015,CD,
 ,",",",",
 ,reports,NNS,
 ,surfaced,VBD,
 ,stating,VBG,
 ,that,IN,
 ,"""",``,
 ,multiple,JJ,
 ,acts,NNS,
 ,"""",'',
 ,would,MD,
 ,perform,VB,
 ,during,IN,
 ,the,DT,
 ,halftime,NN,
 ,show,NN,
 ,.,.,
 ,On,IN,
 ,December,NNP,
 ,3,CD,
 ,",",",",
 ,the,DT,
 ,league,NN,
 ,confirmed,VBD,
 ,that,IN,
 ,the,DT,
 ,show,NN,
 ,would,MD,
 ,be,VB,
 ,headlined,VBN,
 ,by,IN,
 ,the,DT,
 ,British,JJ,
 ,rock,NN,
 ,group,NN,
 ,Coldplay,NNP,
 ,.,.,
 ,On,IN,
 ,January,NNP,
 ,7,CD,
 ,",",",",
 ,2016,CD,
 ,",",",",
 ,Pepsi,NNP,
 ,confirmed,VBD,
 ,to,IN,
 ,the,DT,
 ,Associated,NNP,
 ,Press,NNP,
 ,that,IN,
 ,Beyoncé,NNP,
 ,",",",",
 ,who,WP,
 ,headlined,VBD,
 ,the,DT,
 ,Super,NNP,
 ,Bowl,NNP,
 ,XLVII,NNP,
 ,halftime,NN,
 ,show,NN,
 ,and,CC,
 ,collaborated,VBD,
 ,with,IN,
 ,Coldplay,NNP,
 ,on,IN,
 ,the,DT,
 ,single,JJ,
 ,"""",``,
 ,Hymn,NNP,
 ,for,IN,
 ,the,DT,
 ,Weekend,NNP,
 ,"""",'',
 ,",",",",
 ,would,MD,
 ,be,VB,
 ,making,VBG,
 ,an,DT,
 ,appearance,NN,
 ,.,.,
 ,Bruno,NNP,
 ,Mars,NNP,
 ,",",",",
 ,who,WP,
 ,headlined,VBD,
 ,the,DT,
 ,Super,NNP,
 ,Bowl,NNP,
 ,XLVIII,NNP,
 ,halftime,NN,
 ,show,NN,
 ,",",",",
 ,and,CC,
 ,Mark,NNP,
 ,Ronson,NNP,
 ,also,RB,
 ,performed,VBD,
 ,.,.,
Sentence: 46,Denver,NNP,
 ,took,VBD,
 ,the,DT,
 ,opening,NN,
 ,kickoff,NN,
 ,and,CC,
 ,started,VBD,
 ,out,RP,
 ,strong,JJ,
 ,with,IN,
 ,Peyton,NNP,
 ,Manning,NNP,
 ,completing,VBG,
 ,an,DT,
 ,18-yard,CD,
 ,pass,NN,
 ,to,IN,
 ,tight,JJ,
 ,end,NN,
 ,Owen,NNP,
 ,Daniels,NNP,
 ,and,CC,
 ,a,DT,
 ,22-yard,CD,
 ,throw,NN,
 ,to,TO,
 ,receiver,VB,
 ,Andre,NNP,
 ,Caldwell,NNP,
 ,.,.,
 ,A,DT,
 ,pair,NN,
 ,of,IN,
 ,carries,NNS,
 ,by,IN,
 ,C.,NNP,
 ,J.,NNP,
 ,Anderson,NNP,
 ,moved,VBD,
 ,the,DT,
 ,ball,NN,
 ,up,RB,
 ,20,CD,
 ,yards,NNS,
 ,to,IN,
 ,the,DT,
 ,Panthers,NNP,
 ,14-yard,CD,
 ,line,NN,
 ,",",",",
 ,but,CC,
 ,Carolina,NNP,
 ,'s,POS,
 ,defense,NN,
 ,dug,VBD,
 ,in,RP,
 ,over,IN,
 ,the,DT,
 ,next,JJ,
 ,three,CD,
 ,plays,NNS,
 ,.,.,
 ,First,RB,
 ,",",",",
 ,linebacker,NN,
 ,Shaq,NNP,
 ,Thompson,NNP,
 ,tackled,VBD,
 ,Ronnie,NNP,
 ,Hillman,NNP,
 ,for,IN,
 ,a,DT,
 ,3-yard,CD,
 ,loss,NN,
 ,.,.,
 ,Then,RB,
 ,after,IN,
 ,an,DT,
 ,incompletion,NN,
 ,",",",",
 ,Thomas,NNP,
 ,Davis,NNP,
 ,tackled,VBD,
 ,Anderson,NNP,
 ,for,IN,
 ,a,DT,
 ,1-yard,CD,
 ,gain,NN,
 ,on,IN,
 ,third,JJ,
 ,down,RB,
 ,",",",",
 ,forcing,VBG,
 ,Denver,NNP,
 ,to,TO,
 ,settle,VB,
 ,for,IN,
 ,a,DT,
 ,3–0,CD,
 ,lead,NN,
 ,on,IN,
 ,a,DT,
 ,Brandon,NNP,
 ,McManus,NNP,
 ,34-yard,CD,
 ,field,NN,
 ,goal,NN,
 ,.,.,
 ,The,DT,
 ,score,NN,
 ,marked,VBD,
 ,the,DT,
 ,first,JJ,
 ,time,NN,
 ,in,IN,
 ,the,DT,
 ,entire,JJ,
 ,postseason,NN,
 ,that,IN,
 ,Carolina,NNP,
 ,was,VBD,
 ,facing,VBG,
 ,a,DT,
 ,deficit,NN,
 ,.,.,
Sentence: 47,After,IN,
 ,each,DT,
 ,team,NN,
 ,punted,VBD,
 ,",",",",
 ,Panthers,NNP,
 ,quarterback,NN,
 ,Cam,NNP,
 ,Newton,NNP,
 ,appeared,VBD,
 ,to,TO,
 ,complete,VB,
 ,a,DT,
 ,24-yard,CD,
 ,pass,NN,
 ,Jerricho,NNP,
 ,Cotchery,NNP,
 ,",",",",
 ,but,CC,
 ,the,DT,
 ,call,NN,
 ,was,VBD,
 ,ruled,VBN,
 ,an,DT,
 ,incompletion,NN,
 ,and,CC,
 ,upheld,VBN,
 ,after,IN,
 ,a,DT,
 ,replay,NN,
 ,challenge,NN,
 ,.,.,
 ,CBS,NNP,
 ,analyst,NN,
 ,and,CC,
 ,retired,VBN,
 ,referee,NN,
 ,Mike,NNP,
 ,Carey,NNP,
 ,stated,VBD,
 ,he,PRP,
 ,disagreed,VBD,
 ,with,IN,
 ,the,DT,
 ,call,NN,
 ,and,CC,
 ,felt,VBD,
 ,the,DT,
 ,review,NN,
 ,clearly,RB,
 ,showed,VBD,
 ,the,DT,
 ,pass,NN,
 ,was,VBD,
 ,complete,JJ,
 ,.,.,
 ,A,DT,
 ,few,JJ,
 ,plays,NNS,
 ,later,RB,
 ,",",",",
 ,on,IN,
 ,3rd,JJ,
 ,-,HYPH,
 ,and-10,JJ,
 ,from,IN,
 ,the,DT,
 ,15-yard,CD,
 ,line,NN,
 ,",",",",
 ,linebacker,NNP,
 ,Von,NNP,
 ,Miller,NNP,
 ,knocked,VBD,
 ,the,DT,
 ,ball,NN,
 ,out,IN,
 ,of,IN,
 ,Newton,NNP,
 ,'s,POS,
 ,hands,NNS,
 ,while,IN,
 ,sacking,VBG,
 ,him,PRP,
 ,",",",",
 ,and,CC,
 ,Malik,NNP,
 ,Jackson,NNP,
 ,recovered,VBD,
 ,it,PRP,
 ,in,IN,
 ,the,DT,
 ,end,NN,
 ,zone,NN,
 ,for,IN,
 ,a,DT,
 ,Broncos,JJ,
 ,touchdown,NN,
 ,",",",",
 ,giving,VBG,
 ,the,DT,
 ,team,NN,
 ,a,DT,
 ,10–0,NNP,
 ,lead,NN,
 ,.,.,
 ,This,DT,
 ,was,VBD,
 ,the,DT,
 ,first,JJ,
 ,fumble,JJ,
 ,return,NN,
 ,touchdown,NN,
 ,in,IN,
 ,a,DT,
 ,Super,NNP,
 ,Bowl,NNP,
 ,since,IN,
 ,Super,NNP,
 ,Bowl,NNP,
 ,XXVIII,NNP,
 ,at,IN,
 ,the,DT,
 ,end,NN,
 ,of,IN,
 ,the,DT,
 ,1993,CD,
 ,season,NN,
 ,.,.,
Sentence: 48,After,IN,
 ,a,DT,
 ,punt,NN,
 ,from,IN,
 ,both,DT,
 ,teams,NNS,
 ,",",",",
 ,Carolina,NNP,
 ,got,VBD,
 ,on,IN,
 ,track,NN,
 ,with,IN,
 ,a,DT,
 ,9-play,CD,
 ,",",",",
 ,73-yard,CD,
 ,scoring,VBG,
 ,drive,NN,
 ,.,.,
 ,Newton,NNP,
 ,completed,VBD,
 ,4,CD,
 ,of,IN,
 ,4,CD,
 ,passes,NNS,
 ,for,IN,
 ,51,CD,
 ,yards,NNS,
 ,and,CC,
 ,rushed,VBD,
 ,twice,RB,
 ,for,IN,
 ,25,CD,
 ,yards,NNS,
 ,",",",",
 ,while,IN,
 ,Jonathan,NNP,
 ,Stewart,NNP,
 ,finished,VBD,
 ,the,DT,
 ,drive,NN,
 ,with,IN,
 ,a,DT,
 ,1-yard,CD,
 ,touchdown,NN,
 ,run,NN,
 ,",",",",
 ,cutting,VBG,
 ,the,DT,
 ,score,NN,
 ,to,IN,
 ,10–7,VB,
 ,with,IN,
 ,11:28,CD,
 ,left,VBN,
 ,in,IN,
 ,the,DT,
 ,second,JJ,
 ,quarter,NN,
 ,.,.,
 ,Later,RB,
 ,on,RB,
 ,",",",",
 ,Broncos,NNPS,
 ,receiver,VBP,
 ,Jordan,NNP,
 ,Norwood,NNP,
 ,received,VBD,
 ,Brad,NNP,
 ,Nortman,NNP,
 ,'s,POS,
 ,short,JJ,
 ,28-yard,CD,
 ,punt,NN,
 ,surrounded,VBN,
 ,by,IN,
 ,Panthers,NNP,
 ,players,NNS,
 ,",",",",
 ,but,CC,
 ,none,NN,
 ,of,IN,
 ,them,PRP,
 ,attempted,VBD,
 ,to,TO,
 ,make,VB,
 ,a,DT,
 ,tackle,NN,
 ,",",",",
 ,apparently,RB,
 ,thinking,VBG,
 ,Norwood,NNP,
 ,had,VBD,
 ,called,VBN,
 ,a,DT,
 ,fair,JJ,
 ,catch,NN,
 ,.,.,
 ,Norwood,NNP,
 ,had,VBD,
 ,not,RB,
 ,done,VBN,
 ,so,RB,
 ,",",",",
 ,and,CC,
 ,with,IN,
 ,no,DT,
 ,resistance,NN,
 ,around,IN,
 ,him,PRP,
 ,",",",",
 ,he,PRP,
 ,took,VBD,
 ,off,RP,
 ,for,IN,
 ,a,DT,
 ,Super,NNP,
 ,Bowl,NNP,
 ,record,NN,
 ,61-yard,CD,
 ,return,NN,
 ,before,IN,
 ,Mario,NNP,
 ,Addison,NNP,
 ,dragged,VBD,
 ,him,PRP,
 ,down,RP,
 ,on,IN,
 ,the,DT,
 ,Panthers,NNP,
 ,14-yard,CD,
 ,line,NN,
 ,.,.,
 ,Despite,IN,
 ,Denver,NNP,
 ,'s,POS,
 ,excellent,JJ,
 ,field,NN,
 ,position,NN,
 ,",",",",
 ,they,PRP,
 ,could,MD,
 ,not,RB,
 ,get,VB,
 ,the,DT,
 ,ball,NN,
 ,into,IN,
 ,the,DT,
 ,end,NN,
 ,zone,NN,
 ,",",",",
 ,so,RB,
 ,McManus,NNP,
 ,kicked,VBD,
 ,a,DT,
 ,33-yard,CD,
 ,field,NN,
 ,goal,NN,
 ,that,WDT,
 ,increased,VBD,
 ,their,PRP$,
 ,lead,NN,
 ,to,IN,
 ,13–7,CD,
 ,.,.,
Sentence: 49,On,IN,
 ,Carolina,NNP,
 ,'s,POS,
 ,next,JJ,
 ,possession,NN,
 ,fullback,NN,
 ,Mike,NNP,
 ,Tolbert,NNP,
 ,lost,VBD,
 ,a,DT,
 ,fumble,JJ,
 ,while,IN,
 ,being,VBG,
 ,tackled,VBN,
 ,by,IN,
 ,safety,NN,
 ,Darian,NNP,
 ,Stewart,NNP,
 ,",",",",
 ,which,WDT,
 ,linebacker,NN,
 ,Danny,NNP,
 ,Trevathan,NNP,
 ,recovered,VBD,
 ,on,IN,
 ,the,DT,
 ,Broncos,NNP,
 ,40-yard,CD,
 ,line,NN,
 ,.,.,
 ,However,RB,
 ,",",",",
 ,the,DT,
 ,Panthers,NNPS,
 ,soon,RB,
 ,took,VBD,
 ,the,DT,
 ,ball,NN,
 ,back,RB,
 ,when,WRB,
 ,defensive,JJ,
 ,end,VBP,
 ,Kony,NNP,
 ,Ealy,NNP,
 ,tipped,VBD,
 ,a,DT,
 ,Manning,NN,
 ,pass,NN,
 ,to,IN,
 ,himself,PRP,
 ,and,CC,
 ,then,RB,
 ,intercepted,VBD,
 ,it,PRP,
 ,",",",",
 ,returning,VBG,
 ,the,DT,
 ,ball,NN,
 ,19,CD,
 ,yards,NNS,
 ,to,IN,
 ,the,DT,
 ,Panthers,NNP,
 ,39-yard,CD,
 ,line,NN,
 ,with,IN,
 ,1:55,CD,
 ,left,VBN,
 ,on,IN,
 ,the,DT,
 ,clock,NN,
 ,.,.,
 ,The,DT,
 ,Panthers,NNPS,
 ,could,MD,
 ,not,RB,
 ,gain,VB,
 ,any,DT,
 ,yards,NNS,
 ,with,IN,
 ,their,PRP$,
 ,possession,NN,
 ,and,CC,
 ,had,VBD,
 ,to,TO,
 ,punt,VB,
 ,.,.,
 ,After,IN,
 ,a,DT,
 ,Denver,NNP,
 ,punt,NN,
 ,",",",",
 ,Carolina,NNP,
 ,drove,VBD,
 ,to,IN,
 ,the,DT,
 ,Broncos,NNP,
 ,45-yard,CD,
 ,line,NN,
 ,.,.,
 ,But,CC,
 ,with,IN,
 ,11,CD,
 ,seconds,NNS,
 ,left,VBN,
 ,",",",",
 ,Newton,NNP,
 ,was,VBD,
 ,sacked,VBN,
 ,by,IN,
 ,DeMarcus,NNP,
 ,Ware,NNP,
 ,as,IN,
 ,time,NN,
 ,expired,VBD,
 ,in,IN,
 ,the,DT,
 ,half,NN,
 ,.,.,
Sentence: 50,The,DT,
 ,Panthers,NNP,
 ,seemed,VBD,
 ,primed,VBN,
 ,to,TO,
 ,score,VB,
 ,on,IN,
 ,their,PRP$,
 ,opening,NN,
 ,drive,NN,
 ,of,IN,
 ,the,DT,
 ,second,JJ,
 ,half,NN,
 ,when,WRB,
 ,Newton,NNP,
 ,completed,VBD,
 ,a,DT,
 ,45-yard,CD,
 ,pass,NN,
 ,to,IN,
 ,Ted,NNP,
 ,Ginn,NNP,
 ,Jr.,NNP,
 ,on,IN,
 ,the,DT,
 ,Denver,NNP,
 ,35-yard,CD,
 ,line,NN,
 ,on,IN,
 ,their,PRP$,
 ,second,JJ,
 ,offensive,JJ,
 ,play,NN,
 ,.,.,
 ,But,CC,
 ,the,DT,
 ,Broncos,NNP,
 ,defense,NN,
 ,halted,VBD,
 ,the,DT,
 ,drive,NN,
 ,on,IN,
 ,the,DT,
 ,26-yard,CD,
 ,line,NN,
 ,",",",",
 ,and,CC,
 ,it,PRP,
 ,ended,VBD,
 ,with,IN,
 ,no,DT,
 ,points,NNS,
 ,when,WRB,
 ,Graham,NNP,
 ,Gano,NNP,
 ,hit,VBD,
 ,the,DT,
 ,uprights,NNS,
 ,on,IN,
 ,a,DT,
 ,44-yard,CD,
 ,field,NN,
 ,goal,NN,
 ,attempt,NN,
 ,.,.,
 ,After,IN,
 ,the,DT,
 ,miss,NN,
 ,",",",",
 ,Manning,NNP,
 ,completed,VBD,
 ,a,DT,
 ,pair,NN,
 ,of,IN,
 ,passes,NNS,
 ,to,IN,
 ,Emmanuel,NNP,
 ,Sanders,NNP,
 ,for,IN,
 ,gains,NNS,
 ,of,IN,
 ,25,CD,
 ,and,CC,
 ,22,CD,
 ,yards,NNS,
 ,",",",",
 ,setting,VBG,
 ,up,RP,
 ,McManus,NNP,
 ,',POS,
 ,33-yard,CD,
 ,field,NN,
 ,goal,NN,
 ,that,WDT,
 ,gave,VBD,
 ,the,DT,
 ,Broncos,NNPS,
 ,a,DT,
 ,16–7,NN,
 ,lead,NN,
 ,.,.,
 ,Carolina,NNP,
 ,got,VBD,
 ,off,RP,
 ,to,IN,
 ,another,DT,
 ,strong,JJ,
 ,start,NN,
 ,after,IN,
 ,the,DT,
 ,kickoff,NN,
 ,",",",",
 ,with,IN,
 ,Newton,NNP,
 ,completing,VBG,
 ,a,DT,
 ,42-yard,CD,
 ,pass,NN,
 ,to,IN,
 ,Corey,NNP,
 ,Brown,NNP,
 ,.,.,
 ,But,CC,
 ,once,RB,
 ,again,RB,
 ,they,PRP,
 ,came,VBD,
 ,up,RP,
 ,empty,JJ,
 ,",",",",
 ,this,DT,
 ,time,NN,
 ,as,IN,
 ,a,DT,
 ,result,NN,
 ,of,IN,
 ,a,DT,
 ,Newton,NNP,
 ,pass,NN,
 ,that,WDT,
 ,bounced,VBD,
 ,off,RP,
 ,the,DT,
 ,hands,NNS,
 ,of,IN,
 ,Ginn,NNP,
 ,and,CC,
 ,was,VBD,
 ,intercepted,VBN,
 ,by,IN,
 ,safety,NN,
 ,T.,NNP,
 ,J.,NNP,
 ,Ward,NNP,
 ,.,.,
 ,Ward,NNP,
 ,fumbled,VBD,
 ,the,DT,
 ,ball,NN,
 ,during,IN,
 ,the,DT,
 ,return,NN,
 ,",",",",
 ,but,CC,
 ,Trevathan,NNP,
 ,recovered,VBD,
 ,it,PRP,
 ,to,TO,
 ,enable,VB,
 ,Denver,NNP,
 ,to,TO,
 ,keep,VB,
 ,possession,NN,
 ,.,.,
Sentence: 51,There,EX,
 ,would,MD,
 ,be,VB,
 ,no,DT,
 ,more,RBR,
 ,scoring,NN,
 ,in,IN,
 ,the,DT,
 ,third,JJ,
 ,quarter,NN,
 ,",",",",
 ,but,CC,
 ,early,RB,
 ,in,IN,
 ,the,DT,
 ,fourth,JJ,
 ,",",",",
 ,the,DT,
 ,Broncos,NNPS,
 ,drove,VBD,
 ,to,IN,
 ,the,DT,
 ,Panthers,NNP,
 ,41-yard,CD,
 ,line,NN,
 ,.,.,
 ,On,IN,
 ,the,DT,
 ,next,JJ,
 ,play,NN,
 ,",",",",
 ,Ealy,NNP,
 ,knocked,VBD,
 ,the,DT,
 ,ball,NN,
 ,out,IN,
 ,of,IN,
 ,Manning,NNP,
 ,'s,POS,
 ,hand,NN,
 ,as,IN,
 ,he,PRP,
 ,was,VBD,
 ,winding,VBG,
 ,up,RP,
 ,for,IN,
 ,a,DT,
 ,pass,NN,
 ,",",",",
 ,and,CC,
 ,then,RB,
 ,recovered,VBD,
 ,it,PRP,
 ,for,IN,
 ,Carolina,NNP,
 ,on,IN,
 ,the,DT,
 ,50-yard,CD,
 ,line,NN,
 ,.,.,
 ,A,DT,
 ,16-yard,CD,
 ,reception,NN,
 ,by,IN,
 ,Devin,NNP,
 ,Funchess,NNP,
 ,and,CC,
 ,a,DT,
 ,12-yard,CD,
 ,run,NN,
 ,by,IN,
 ,Stewart,NNP,
 ,then,RB,
 ,set,VBD,
 ,up,RP,
 ,Gano,NNP,
 ,'s,POS,
 ,39-yard,CD,
 ,field,NN,
 ,goal,NN,
 ,",",",",
 ,cutting,VBG,
 ,the,DT,
 ,Panthers,NNP,
 ,deficit,NN,
 ,to,IN,
 ,one,CD,
 ,score,NN,
 ,at,IN,
 ,16–10,CD,
 ,.,.,
 ,The,DT,
 ,next,JJ,
 ,three,CD,
 ,drives,NNS,
 ,of,IN,
 ,the,DT,
 ,game,NN,
 ,would,MD,
 ,end,VB,
 ,in,IN,
 ,punts,NNS,
 ,.,.,
Sentence: 52,With,IN,
 ,4:51,CD,
 ,left,VBN,
 ,in,IN,
 ,regulation,NN,
 ,",",",",
 ,Carolina,NNP,
 ,got,VBD,
 ,the,DT,
 ,ball,NN,
 ,on,IN,
 ,their,PRP$,
 ,own,JJ,
 ,24-yard,CD,
 ,line,NN,
 ,with,IN,
 ,a,DT,
 ,chance,NN,
 ,to,TO,
 ,mount,VB,
 ,a,DT,
 ,game,NN,
 ,-,HYPH,
 ,winning,VBG,
 ,drive,NN,
 ,",",",",
 ,and,CC,
 ,soon,RB,
 ,faced,VBD,
 ,3rd,NNP,
 ,-,HYPH,
 ,and-9,NN,
 ,.,.,
 ,On,IN,
 ,the,DT,
 ,next,JJ,
 ,play,NN,
 ,",",",",
 ,Miller,NNP,
 ,stripped,VBD,
 ,the,DT,
 ,ball,NN,
 ,away,RB,
 ,from,IN,
 ,Newton,NNP,
 ,",",",",
 ,and,CC,
 ,after,IN,
 ,several,JJ,
 ,players,NNS,
 ,dove,VBD,
 ,for,IN,
 ,it,PRP,
 ,",",",",
 ,it,PRP,
 ,took,VBD,
 ,a,DT,
 ,long,JJ,
 ,bounce,NN,
 ,backwards,RB,
 ,and,CC,
 ,was,VBD,
 ,recovered,VBN,
 ,by,IN,
 ,Ward,NNP,
 ,",",",",
 ,who,WP,
 ,returned,VBD,
 ,it,PRP,
 ,five,CD,
 ,yards,NNS,
 ,to,IN,
 ,the,DT,
 ,Panthers,NNP,
 ,4-yard,CD,
 ,line,NN,
 ,.,.,
 ,Although,IN,
 ,several,JJ,
 ,players,NNS,
 ,dove,VBD,
 ,into,IN,
 ,the,DT,
 ,pile,NN,
 ,to,TO,
 ,attempt,VB,
 ,to,TO,
 ,recover,VB,
 ,it,PRP,
 ,",",",",
 ,Newton,NNP,
 ,did,VBD,
 ,not,RB,
 ,and,CC,
 ,his,PRP$,
 ,lack,NN,
 ,of,IN,
 ,aggression,NN,
 ,later,RB,
 ,earned,VBD,
 ,him,PRP,
 ,heavy,JJ,
 ,criticism,NN,
 ,.,.,
 ,Meanwhile,RB,
 ,",",",",
 ,Denver,NNP,
 ,'s,POS,
 ,offense,NN,
 ,was,VBD,
 ,kept,VBN,
 ,out,IN,
 ,of,IN,
 ,the,DT,
 ,end,NN,
 ,zone,NN,
 ,for,IN,
 ,three,CD,
 ,plays,NNS,
 ,",",",",
 ,but,CC,
 ,a,DT,
 ,holding,VBG,
 ,penalty,NN,
 ,on,IN,
 ,cornerback,NN,
 ,Josh,NNP,
 ,Norman,NNP,
 ,gave,VBD,
 ,the,DT,
 ,Broncos,NNPS,
 ,a,DT,
 ,new,JJ,
 ,set,NN,
 ,of,IN,
 ,downs,NNS,
 ,.,.,
 ,Then,RB,
 ,Anderson,NNP,
 ,scored,VBD,
 ,on,IN,
 ,a,DT,
 ,2-yard,CD,
 ,touchdown,NN,
 ,run,NN,
 ,and,CC,
 ,Manning,NN,
 ,completed,VBD,
 ,a,DT,
 ,pass,NN,
 ,to,IN,
 ,Bennie,NNP,
 ,Fowler,NNP,
 ,for,IN,
 ,a,DT,
 ,2-point,CD,
 ,conversion,NN,
 ,",",",",
 ,giving,VBG,
 ,Denver,NNP,
 ,a,DT,
 ,24–10,CD,
 ,lead,NN,
 ,with,IN,
 ,3:08,CD,
 ,left,VBN,
 ,and,CC,
 ,essentially,RB,
 ,putting,VBG,
 ,the,DT,
 ,game,NN,
 ,away,RB,
 ,.,.,
 ,Carolina,NNP,
 ,had,VBD,
 ,two,CD,
 ,more,JJR,
 ,drives,NNS,
 ,",",",",
 ,but,CC,
 ,failed,VBD,
 ,to,TO,
 ,get,VB,
 ,a,DT,
 ,first,JJ,
 ,down,NN,
 ,on,IN,
 ,each,DT,
 ,one,NN,
 ,.,.,
Sentence: 53,Manning,VBG,
 ,finished,VBD,
 ,the,DT,
 ,game,NN,
 ,13,CD,
 ,of,IN,
 ,23,CD,
 ,for,IN,
 ,141,CD,
 ,yards,NNS,
 ,with,IN,
 ,one,CD,
 ,interception,NN,
 ,and,CC,
 ,zero,CD,
 ,touchdowns,NNS,
 ,.,.,
 ,Sanders,NNS,
 ,was,VBD,
 ,his,PRP$,
 ,top,JJ,
 ,receiver,NN,
 ,with,IN,
 ,six,CD,
 ,receptions,NNS,
 ,for,IN,
 ,83,CD,
 ,yards,NNS,
 ,.,.,
 ,Anderson,NNP,
 ,was,VBD,
 ,the,DT,
 ,game,NN,
 ,'s,POS,
 ,leading,VBG,
 ,rusher,NN,
 ,with,IN,
 ,90,CD,
 ,yards,NNS,
 ,and,CC,
 ,a,DT,
 ,touchdown,NN,
 ,",",",",
 ,along,IN,
 ,with,IN,
 ,four,CD,
 ,receptions,NNS,
 ,for,IN,
 ,10,CD,
 ,yards,NNS,
 ,.,.,
 ,Miller,NNP,
 ,had,VBD,
 ,six,CD,
 ,total,JJ,
 ,tackles,NNS,
 ,(,-LRB-,
 ,five,CD,
 ,solo,NN,
 ,),-RRB-,
 ,",",",",
 ,2½,CD,
 ,sacks,NNS,
 ,",",",",
 ,and,CC,
 ,two,CD,
 ,forced,VBN,
 ,fumbles,NNS,
 ,.,.,
 ,Ware,NNP,
 ,had,VBD,
 ,five,CD,
 ,total,JJ,
 ,tackles,NNS,
 ,and,CC,
 ,two,CD,
 ,sacks,NNS,
 ,.,.,
 ,Ward,NNP,
 ,had,VBD,
 ,seven,CD,
 ,total,JJ,
 ,tackles,NNS,
 ,",",",",
 ,a,DT,
 ,fumble,JJ,
 ,recovery,NN,
 ,",",",",
 ,and,CC,
 ,an,DT,
 ,interception,NN,
 ,.,.,
 ,McManus,NNP,
 ,made,VBD,
 ,all,DT,
 ,four,CD,
 ,of,IN,
 ,his,PRP$,
 ,field,NN,
 ,goals,NNS,
 ,",",",",
 ,making,VBG,
 ,him,PRP,
 ,perfect,JJ,
 ,on,IN,
 ,all,DT,
 ,11,CD,
 ,attempts,NNS,
 ,during,IN,
 ,the,DT,
 ,post,JJ,
 ,-,NN,
 ,season,NN,
 ,.,.,
 ,Newton,NNP,
 ,completed,VBD,
 ,18,CD,
 ,of,IN,
 ,41,CD,
 ,passes,NNS,
 ,for,IN,
 ,265,CD,
 ,yards,NNS,
 ,",",",",
 ,with,IN,
 ,one,CD,
 ,interception,NN,
 ,.,.,
 ,He,PRP,
 ,was,VBD,
 ,also,RB,
 ,the,DT,
 ,team,NN,
 ,'s,POS,
 ,leading,VBG,
 ,rusher,NN,
 ,with,IN,
 ,45,CD,
 ,yards,NNS,
 ,on,IN,
 ,six,CD,
 ,carries,NNS,
 ,.,.,
 ,Brown,NNP,
 ,caught,VBD,
 ,four,CD,
 ,passes,NNS,
 ,for,IN,
 ,80,CD,
 ,yards,NNS,
 ,",",",",
 ,while,IN,
 ,Ginn,NNP,
 ,had,VBD,
 ,four,CD,
 ,receptions,NNS,
 ,for,IN,
 ,74,CD,
 ,.,.,
 ,Ealy,NNP,
 ,was,VBD,
 ,the,DT,
 ,top,JJ,
 ,defensive,JJ,
 ,performer,NN,
 ,for,IN,
 ,Carolina,NNP,
 ,with,IN,
 ,four,CD,
 ,total,JJ,
 ,tackles,NNS,
 ,",",",",
 ,three,CD,
 ,sacks,NNS,
 ,",",",",
 ,a,DT,
 ,forced,VBN,
 ,fumble,JJ,
 ,",",",",
 ,a,DT,
 ,fumble,JJ,
 ,recovery,NN,
 ,",",",",
 ,and,CC,
 ,an,DT,
 ,interception,NN,
 ,.,.,
 ,Defensive,JJ,
 ,End,NNP,
 ,Charles,NNP,
 ,Johnson,NNP,
 ,had,VBD,
 ,four,CD,
 ,total,JJ,
 ,tackles,NNS,
 ,",",",",
 ,a,DT,
 ,sack,NN,
 ,",",",",
 ,and,CC,
 ,a,DT,
 ,forced,VBN,
 ,fumble,JJ,
 ,.,.,
 ,Linebacker,NNP,
 ,Luke,NNP,
 ,Kuechly,NNP,
 ,had,VBD,
 ,11,CD,
 ,total,JJ,
 ,tackles,NNS,
 ,",",",",
 ,while,IN,
 ,Thomas,NNP,
 ,Davis,NNP,
 ,had,VBD,
 ,seven,CD,
 ,",",",",
 ,despite,IN,
 ,playing,VBG,
 ,just,RB,
 ,two,CD,
 ,weeks,NNS,
 ,after,IN,
 ,breaking,VBG,
 ,his,PRP$,
 ,right,JJ,
 ,arm,NN,
 ,in,IN,
 ,the,DT,
 ,NFC,NNP,
 ,title,NN,
 ,game,NN,
 ,.,.,
